key,,,,,,,1,2,3,4,5,6,7,8,9,10,11,12,13,14,15,16,17,18,19,20,21,22,23,24,25,26,27,28,29,30,31,32,33,34,35,36,37,38,39,40,41,42,43,44,45,46,47,48,49,50,51,52,53,54,55,56,57,58,59,60,61,62,63,64,65,66,67,68,69,70,71,72,73,74,75,76,77,78,79,80,81,82,83,84,85,86,87,88,89,90,91,92,93,94,95,96,97,98,99,100,101,102,103,104,105,106,107,108,109,110,111,112,113,114,115,116,117,118,119,120,121,122,123,124,125,126,127,128,129,130,131,132,133,134,135,136,137,138,139,140,141,142,143,144,145,146,147,148,149,150,151,152,153,154,155,156,157,158,159,160,161
,pref.id,sex,pref.E,pref.A,pref.J,人口_2018(単位：万人),受療率_入院_悪性新生物_2017,受療率_入院_心疾患_2017,受療率_入院_脳血管疾患_2017,受療率_外来_悪性新生物_2017,受療率_外来_心疾患_2017,受療率_外来_脳血管疾患_2017,病院数_2019,診療所数_2019,がん治療認定医数_2020,循環器専門医数_2020,内視鏡専門医数_2020,75歳未満調整死亡率_悪性新生物_2018,書籍購入代金_2019,平均寿命_2015,健康寿命_2016,75歳未満調整死亡率_悪政新生物_2019,年齢調整死亡率_心疾患_2015,年齢調整死亡率_脳血管疾患_2015,60歳以上人口_2015,学習率_2016,読書率_2016,人口・世帯_年少人口割合2020,人口・世帯_老年人口割合2020,人口・世帯_生産年齢人口割合2020,人口・世帯_粗死亡率2020,人口・世帯_共働き世帯割合2020,自然環境_年平均気温,自然環境_年平均相対湿度,自然環境_降水量（年間）,自然環境_雪日数（年間）,経済基盤_県民所得,行政基盤_財政力指数,行政基盤_収支比率,行政基盤_生活保護費割合（県財政）,行政基盤_教育費割合（県財政）,教育_最終学歴が大学・大学院卒の者の割合,労働_１次産業就業者比率,労働_２次産業就業者比率,労働_３次産業就業者比率,労働_完全失業率,文化・スポーツ_図書館数（人口100万人当たり）,健康・医療_一般診療所数(可住地面積100k㎡当たり),文化・スポーツ_スポーツの行動者率,文化・スポーツ_旅行・行楽行動者率,居住_持ち家比率,居住_一戸建住宅比率,居住_上水道給水人口比率,居住_下水道普及比率,文化・スポーツ_ボランティア活動行動者率,居住_都市公園面積（人口１人当たり）,居住_都市公園数(可住地面積100k㎡当たり),健康・医療_一般病院数(可住地面積100k㎡当たり),居住_主要道路舗装率,居住_市町村舗装率,健康・医療_一般歯科診療所数（人口10万人当たり）,健康・医療_医療施設に従事する医師数（人口10万人当たり）,健康・医療_保健師数（人口10万人当たり）,安全_交通事故発生件数（人口10万人当たり）,家計_実収入（一世帯当たり１か月）,家計_消費支出（一世帯当たり１か月）,家計_教育費割合（対消費支出）,家計_教養娯楽費割合（対消費支出）,家計_貯蓄現在高,家計_スマートフォン所有数量（千世帯当たり）,家計_パソコン所有数量（千世帯当たり）,家計_自動車所有数量（千世帯当たり）,家計_タブレット端末所有数量（千世帯当たり）,人口・世帯_高齢単身者世帯の割合,スポーツ総行動率,スポーツ総行動率-器具を使ったトレーニング,スポーツ行動率－ウォーキング,旅行・行楽－旅行・行楽・観光総行動率,旅行・行楽－旅行率,旅行・行楽－行楽率,旅行・行楽－観光率,ボランティア総行動率－総数,ボランティア総行動率－まちづくり活動,ボランティア総行動率－国際協力活動,ボランティア総行動率－健康や医療サービスに関係した活動,ボランティア総行動率－高齢者を対象とした活動,ボランティア総行動率－障害者を対象とした活動,ボランティア総行動率－子供を対象とした活動,趣味・娯楽－趣味娯楽総行動率,趣味・娯楽－園芸・庭いじり・ガーデニング,趣味・娯楽－スポーツ観覧,趣味・娯楽－読書,自己啓発・訓練－学習・自己啓発・訓練率,自己啓発・訓練－芸術・文化,自己啓発・訓練－英語,自己啓発・訓練－英語以外の外国語,自己啓発・訓練－パソコンなどの情報処理,ボランティア活動－安全な生活のための活動,ボランティア活動－自然や環境の活動,ボランティア活動－災害活動,高血圧疾患_入院2017年,高血圧疾患_外来2017年,糖尿病_入院2017年,糖尿病_外来2017年,脳血管疾患_年齢調整死亡率2015,悪性新生物(胃)_年齢調整死亡率2015,悪性新生物(大腸)_年齢調整死亡率2015,悪性新生物(肝及び肝内胆管)_年齢調整死亡率2015,悪性新生物(気管、気管支及び肺)_年齢調整死亡率2015,悪性新生物(乳房)_年齢調整死亡率2015,悪性新生物(子宮)_年齢調整死亡率2015,心疾患_年齢調整死亡率2015,肺炎_年齢調整死亡率2015,急性心筋梗塞_年齢調整死亡率2015,血圧を下げる薬の使用_回答・はい(40～74歳)2017,インシュリン注射、血糖を下げる薬の使用_回答・はい(40～74歳)2017,コレステロールを下げる薬の使用_回答・はい(40～74歳)2017,就寝前の2時間以内に夕食_回答・はい(40～74歳)2017,日常生活において歩行等の身体活動(1日1時間以上実施)_回答・はい(40～74歳)2017,軽く汗をかく運動週2回_回答・はい(40～74歳)2017,"喫煙率(計100本以上,6ヵ月以上&直近1ヵ月)_回答・はい(40～74歳)2017",20歳に比べて10kg体重増加.回答_はい(40～74歳)2017,歩く速度が速い(同年齢と比較).回答_はい(40～74歳)2017,飲酒日1日当たり2合以上飲む割合(頻度)_回答・はい(40～74歳)2017,毎日酒を飲む割合(頻度)_回答・はい(40～74歳)2017,睡眠休養が十分とれている.回答_はい(40～74歳)2017,朝食を抜くことが週3回ある.回答_はい(40～74歳)2017,夕食後に間食することが週3回ある.回答_はい(40～74歳)2017,肉類_2020,魚介類_2020,牛乳_2020,乳製品_2020,卵_2020,大豆_2020,一定のバリアフリー化率_2018,高度のバリアフリー化率_2018,バリアフリー_手すりがある2018,バリアフリー_廊下などが車いすで通行可能な幅2018,バリアフリー_段差のない屋内2018,総実労働時間_2019,現金給与総額_2019,生鮮肉(世帯数消費支出)_2018,生鮮肉(世帯数消費支出)_2019,生鮮肉(世帯数消費支出)_2020,生鮮肉平均_世帯数消費支出(2018～2020）,菓子類(世帯数消費支出)_2018,菓子類(世帯数消費支出)_2019,菓子類(世帯数消費支出)_2020,菓子類平均_世帯数消費支出(2018～2020）,果物(世帯数消費支出)_2018,果物(世帯数消費支出)_2019,果物(世帯数消費支出)_2020,果物平均_世帯数消費支出(2018～2020）,全国学力・学習状況(公立学校数)(中学校)_2019,全国学力・学習状況(公立学校数)(小学生)_2019,う蝕外来総数_2017,歯周疾患(歯肉炎)外来総数_2017,骨の密度障害_2017,骨折_2017,歯の補てつ_2017,アルツハイマー等(脳血管疾患)_2017,ジニ係数総世帯_2014,収入ジニ係数勤労世帯_2014,野菜摂取量_2016(20歳以上平均値(g/日),食塩摂取量_2016(20歳以上平均値(g/日),BMI平均値_2016(男性20～69歳)(女性40～69歳)(単位Kg/㎡),歩数_2016(20歳以上平均値(歩/日)
1,1,M,Hokkaido,Hkk,北海道,249,152,97,168,137,134,58,10.5,64.7,770,640,1370,99.8,"39,965",80.28,71.98,95.9,64.4,34.7,847206,30.3,33.1,10.9,31.3,57.7,11.73,21.14,9.5,69,1282,131,2589,0.446,0.4,1.41,18.8,11.3,7,16.9,70.6,4.6,27.7,15.1,64.9,69.1,56.3,52,97.5,90.5,22.6,26.13,34.09,2.2,96.1,59.5,55.2,238.3,59.3,187.9,544,281.1,3.9,9.6,11918,865,1233,1325,217,13.1,70.6,17.4,33,65.7,51.8,51.4,40.9,22.2,10.4,0.6,3.9,2.9,1.3,4.1,85,21,28.4,33.1,30.3,7.2,9.2,2.7,13.6,4,3,1.1,0.6,27.5,1.4,10.1,34.7,22.6,22.4,14.7,47.8,,,64.4,39.5,14.5,"126,208","41,453","74,989","149,957","168,208","117,481","211,401","212,536","220,017","110,235","168,729","307,696","112,393","80,486","68,889","67,258","10,075","18,071","6,393","9,392",42.2,8.6,"548,800","169,400","214,700",141.2,"291,187","3,938","3,708","4,399","4,015","4,310","4,408","4,989","4,569","2,220","2,304","2,621","2,382",584,997,4.7,15.3,2,3.9,10,3.1,0.308,0.236,275.6,10.7,24,"7,381"
2,2,M,Aomori,Amr,青森,59,128,43,124,172,95,132,7.5,70.4,128,84,253,118.5,"41,814",78.67,71.64,112.6,76.8,52.8,208768,25,26.3,10.8,32.6,56.6,13.75,27.58,11,75,1553,117,2462,0.346,0.6,1.19,21.89,9.1,12,19.8,65.1,5.3,26,27.3,56,59.4,70.3,75.2,94.5,58.8,22.4,15.82,26.63,2.4,93.9,65.1,41.8,198.2,54.2,234.8,456.5,251.5,1.9,8.1,8624,848,900,1651,149,12.09,62.1,13.4,32.9,56.8,38.1,46.5,30.5,22.6,11.9,0.1,2.9,2.3,0.4,4.9,82.9,18.1,19.8,26.3,25,5.1,6.1,1.4,10.1,5.3,3.6,0.6,0,8,0.2,2.3,52.8,31.1,28.3,17.8,45.4,,,76.8,49.1,22.8,"43,442","13,288","19,454","46,763","54,440","34,443","58,335","58,427","68,331","41,759","60,179","84,255","26,277","21,182","72,181","79,077","12,000","19,701","6,858","12,703",37.4,7.4,"127,900","48,000","49,000",150,"259,552","4,201","3,994","4,420","4,205","4,518","4,460","5,097","4,692","2,477","2,520","2,461","2,486",155,283,2.8,3.1,1.3,0.7,3.2,1.7,0.327,0.254,318.7,11.3,24.5,"7,472"
3,3,M,Iwate,Iwt,岩手,60,100,49,132,183,105,153,7.4,71.6,168,117,247,96.5,"42,780",79.86,71.85,95.4,80.5,51.8,210555,27.7,29.2,11.3,32.5,56.2,13.73,29.84,11,76,1322,106,2760,0.362,6.1,0.29,14.97,9.7,10.6,25.1,62.9,4,36.7,23.5,60.6,65.7,69.9,72.9,92.6,58.9,30.2,11.66,33.66,2.1,91.4,58.3,46.8,193.8,60,159.7,580,286.7,2.8,9.1,12689,909,1172,1812,166,10.91,65.1,14.1,31.7,62.6,45,49.9,37.5,29.3,17.6,0.4,2,3.1,1,6.1,84.9,20.8,24.2,29.2,27.7,7,6.8,1.8,11.8,7,6.1,2.6,0.1,7.2,0.2,2.7,51.8,21,21.1,13.6,39.3,,,80.5,36.8,16.5,"41,692","12,745","14,801","55,472","70,777","34,825","61,824","66,198","69,084","33,243","70,809","98,439","25,728","22,530","49,088","48,937","10,824","20,906","5,545","10,957",43.9,11.2,"141,300","61,600","60,100",151,"280,218","3,768","3,648","3,042","3,486","4,911","5,341","4,532","4,928","2,530","2,507","1,981","2,339",159,314,3,3.4,0.6,0.6,2.3,1.9,0.275,0.244,299.1,10.7,24.4,"6,626"
4,4,M,Miyagi,Myg,宮城,113,75,41,91,124,109,56,6,72.5,294,210,561,85.1,"36,956",80.99,72.39,84.6,65.1,43,337618,35.8,35.1,11.9,27.8,60.3,10.28,24.61,13.6,72,1082,63,2987,0.628,3.2,0.38,14.91,14.3,4.4,22.9,70.5,4.9,15,52.6,66.4,74.1,58.1,55.3,98.7,80.2,26.7,17.24,96.8,3.6,99.1,75.5,45.8,231.9,47.5,294.3,459.4,274.6,4.6,9.7,12154,1048,1162,1625,200,9.06,71.8,17,36.5,73,58.6,55.9,45.3,24.4,13.9,0.5,2,3.4,1.2,5.4,87.9,22.6,30.5,35.1,35.8,8.6,9.5,3.2,15.5,7.3,5.1,1.7,0.1,15.8,0.2,4.4,43,21.3,18.3,12.6,40.1,,,65.1,31.1,11.5,"85,985","24,889","43,122","101,209","117,671","79,847","120,755","132,813","138,247","65,921","116,950","188,738","53,790","35,816","55,542","60,554","11,341","17,709","7,150","12,124",46.5,12.5,"228,200","100,500","103,600",144.7,"294,926","3,712","3,564","3,469","3,582","4,572","4,470","4,546","4,529","2,643","2,494","2,654","2,597",199,370,5,8.7,1.4,1.4,5.4,1.3,0.316,0.256,332,11.9,24.6,"6,803"
5,5,M,Akita,Akt,秋田,46,136,49,119,175,145,96,7,83,129,94,224,102.2,"41,488",79.51,71.21,100.2,64.6,52.2,181995,26.6,28.8,10,36.4,53.6,15.49,30.18,12.3,75,2016.5,101,2420,0.315,1.5,0.28,18.31,9,9.6,24,64.7,4.3,45.9,25.1,60.6,68.5,77.3,79.8,88.6,63.5,27.2,16.29,18.35,1.7,97.6,65.1,44.4,223.5,59.6,181.9,592.7,280.1,2.8,8.8,10419,921,1117,1802,166,12.34,65.9,14.1,33.3,67,48.7,55.1,41.7,30.5,17.5,0.2,2.4,3.7,0.9,6.9,82,21.5,24.9,28.8,26.6,6.1,6.2,1.6,11.6,7.4,5.6,0.9,0,5.8,0.2,1.6,52.2,34.1,23.5,11.1,39.3,,,64.6,41.4,9.5,"34,349","9,441","17,062","29,145","40,687","25,422","45,423","39,145","41,884","26,253","48,991","65,614","14,057","12,140","62,964","67,782","10,030","16,585","7,296","13,472",42.8,8.8,"121,500","48,500","42,100",149,"268,162","4,118","4,309","4,141","4,189","5,133","4,986","4,783","4,967","2,836","2,916","2,945","2,899",115,196,2,3.6,0.8,0.5,2.5,1,0.303,0.258,282.6,11.6,24.1,"6,626"
6,6,M,Yamagata,Ymgt,山形,53,112,51,108,190,135,92,6.3,85.3,138,107,241,87,"38,189",80.52,72.61,87.1,66.6,43.8,189952,30,27.4,11.6,32.9,55.5,13.91,35.77,12.6,75,1124,89,2677,0.361,1.4,0.38,20.61,10.5,9.2,28.4,60.2,3.6,33.8,32.1,61.6,72.5,74.9,77.6,98.2,75.6,32.1,16.97,29.46,1.9,93.2,80.6,44,219.5,57.2,467.6,609.1,305.5,3.6,8.2,12640,1061,1350,2111,217,9.42,68.4,13.3,30.6,71,53.1,56.9,45.5,34.7,20.9,0.5,3.1,4,1.1,10.2,85.3,23.9,22.2,27.4,30,7.7,5.7,1.8,12.4,9.8,6.4,1.4,0,8.1,0.1,2.1,43.8,28.3,18,10.8,37.3,,,66.6,40,26.3,"44,773","12,157","20,617","39,246","40,250","27,476","57,742","54,515","45,882","26,268","58,816","92,400","21,327","13,203","80,883","62,728","13,464","18,984","7,767","12,200",45.9,10.2,"131,500","50,900","45,000",148.6,"277,294","3,579","4,101","5,021","4,234","4,266","4,323","4,989","4,526","1,949","2,090","2,287","2,109",98,240,2,5.3,1,0.7,2.6,1,0.322,0.263,277.3,11,23.7,"7,098"
7,7,M,Fukushima,Fks,福島,92,105,53,100,170,175,124,6.8,72.9,172,160,382,93.3,"45,268",80.12,71.54,86.9,79.2,43.7,311787,28.9,30.1,11.6,30.9,57.5,13.17,28.62,14.2,70,828,73,2941,0.545,1.5,0.23,15.2,10.1,6.5,29.4,60.2,4.4,35,32.1,63.1,70.3,67.7,70.1,91.7,52.7,28.1,12.24,27.74,2.5,97,68.8,45.7,195.7,56.9,246.4,626.6,284.7,4.5,8.9,12491,992,1118,1889,208,10.63,66.8,12.8,31.9,67.6,51.7,56.5,45.9,28.9,15.4,0.2,2.7,2.8,1,7.9,83.6,23.4,22.4,30.1,28.9,7.8,7.9,1.5,12.1,7.6,5.8,1.3,0.1,10.7,0.2,3.2,43.7,23.8,23.8,11.8,38.3,,,79.2,37.1,34.7,"66,981","19,646","31,966","69,673","73,231","56,253","89,354","99,493","97,013","45,069","93,486","144,286","40,283","26,530","61,372","61,155","13,616","22,991","10,007","14,097",43.2,9.4,"199,300","73,500","77,700",147.9,"297,503","3,421","3,707","3,878","3,669","4,801","5,300","5,189","5,097","2,197","2,290","2,312","2,266",222,424,5,4.5,0.7,0.9,5.5,2.3,0.309,0.265,346.9,11.9,24.8,"7,297"
8,8,M,Ibaraki,Ibr,茨城,144,90,37,92,122,108,92,6,61.2,247,228,518,91.3,"37,708",80.28,72.5,89.7,66,46,454069,34.6,32,12.1,28.9,58.9,11.15,28.12,15.3,72,1282.5,10,3079,0.645,1.1,0.47,27.18,14.5,5.6,28.5,61.7,4.5,21.9,43.5,68.5,73.4,71.2,72.3,92.5,61.3,26.2,9.4,51.77,3.9,99,63.9,48.4,180.4,40.1,301.8,613.9,290.6,2.6,9.8,15211,1166,1314,1948,246,8.92,73,15.4,40,70.9,53.8,58.2,46.4,26.5,14.2,0.6,2,2.8,1,5.3,87.6,28.6,21.5,32,34.6,8.7,11.6,2.7,16,5.7,5.2,1.1,0.1,14.1,0.4,4.4,46,25,25.4,14.7,39.6,,,66,42.3,23.8,"88,550","26,678","43,621","101,799","94,217","74,960","127,145","124,975","121,536","61,202","129,802","168,769","56,043","32,828","64,858","62,319","11,901","20,748","7,227","12,556",39.2,7.9,"271,900","96,400","106,200",141.7,"322,325","3,611","3,528","4,188","3,776","4,712","5,051","5,327","5,030","2,264","2,576","2,745","2,528",225,484,7.3,9.3,1.5,2,6.6,2.6,0.302,0.252,290.9,11.2,23.7,"7,445"
9,9,M,Tochigi,Tch,栃木,97,102,44,105,146,79,87,5.5,75.5,234,193,547,88.6,"37,782",80.1,72.12,85.5,78,49.1,298944,32.1,30.5,12.3,28,59.6,11.15,29.03,15.2,71,1257,17,3481,0.651,1.5,0.52,24.21,13.5,5.5,30.7,60.1,4.3,26.8,48.3,69.3,72.4,69.1,71.6,95.3,65.2,26.2,14.18,73.86,3,97.1,85.9,50.4,218,49,244.8,583.7,306.4,3.7,10,15311,1041,1295,1893,240,9.16,73.5,14.6,37.1,69,52.9,57.5,46.3,25.1,14.6,0.8,2.8,2.8,1.1,6.1,84.4,26.1,20.8,30.5,32.1,7.6,11,3,12.2,4.7,5.3,0.6,0.1,10.5,0.3,3.6,49.1,27.2,23.8,14.5,36.4,,,78,39.9,19.7,"59,738","18,165","31,572","81,435","98,444","65,488","88,141","106,525","98,074","47,105","88,443","150,193","45,173","26,427","78,551","65,645","13,076","24,076","8,851","14,580",41.1,8.7,"180,700","65,200","70,200",142.2,"307,357","4,204","4,743","5,191","4,713","5,071","5,073","5,848","5,331","2,703","2,772","2,759","2,745",159,362,3.6,6.6,1.9,1.5,4.2,1.7,0.311,0.259,279.5,10.6,23.9,"7,582"
10,10,M,Gunma,Gnm,群馬,97,96,45,99,173,80,90,6.7,79.9,260,203,476,89.1,"38,384",80.61,72.07,80.5,71,39.5,307615,32.7,30.4,12.1,29.4,58.5,11.52,29.48,16.1,62,1046.5,16,3145,0.649,0.9,0.44,25.03,13.5,5,30.8,61.2,4.3,28.4,68.6,68.1,75,71.4,73.9,99.2,53.2,28.3,13.2,64.36,5.1,97.3,69.8,49.9,225.2,51.2,670.4,493,265.9,2.2,8.9,12811,1084,1322,1903,273,10.35,71.9,15.2,38.7,72.6,54.4,61.4,46.6,27.3,16.2,0.9,2.2,2.9,1.3,6.1,85.7,28.3,21.8,30.4,32.7,7.9,9.1,2.8,14.9,5.8,5.2,1.2,0,10.3,0.2,3.2,39.5,25.3,22.6,12.7,37.7,,,71,41.2,12.7,"59,059","17,418","28,122","77,418","77,680","66,369","84,103","97,331","112,165","42,198","87,901","143,583","42,593","26,226","59,497","52,167","12,189","20,881","6,435","11,049",42.1,8,"196,400","65,300","73,000",144.8,"300,809","3,250","3,299","3,847","3,465","4,918","4,701","5,275","4,965","2,692","2,529","2,628","2,616",168,311,4.4,7.2,0.9,1.7,3.7,1.8,0.322,0.262,279.8,10.9,24.1,"6,964"
11,11,M,Saitama,Stm,埼玉,366,79,33,96,123,77,57,4.7,59.6,655,567,1207,89.1,"48,387",80.82,73.1,83.7,71.6,36.7,1045519,40.5,38.1,12.2,26.4,61.5,9,25.45,16.4,63,1056,4,2977,0.766,0.4,0.66,27.9,19.4,1.6,23.1,67.9,4.3,23,164.9,72.6,77.9,65.7,54.8,99.1,80.3,24.2,6.9,203.82,11.4,99.2,70.5,48.5,160.1,30.3,329.1,650.6,323.9,7,10.4,16489,1178,1411,1190,282,9.29,76.3,18.4,41.9,74.8,62.9,59.1,52.5,21.8,8.7,0.8,3.6,2.9,1.2,5.6,89.1,21.6,26.8,38.1,40.5,10.3,13.8,3.3,18.7,5.3,3.8,1.3,0.4,32.7,0.7,14.2,36.7,23.7,21.7,12.5,38.6,,,71.6,43.7,18.1,"212,596","61,816","107,560","329,063","351,280","250,439","313,419","381,029","409,103","181,261","327,339","523,274","179,435","98,846","62,768","57,860","14,455","20,614","7,563","11,019",39,7.8,"632,600","217,900","260,900",131.9,"287,873","4,143","3,409","4,130","3,894","5,254","4,711","5,632","5,199","2,879","2,470","2,885","2,745",423,816,15.6,32.7,2,6.1,15.9,4.2,0.305,0.241,303.4,11,23.7,"8,310"
12,12,M,Chiba,Chb,千葉,311,79,36,86,122,78,43,4.6,61,684,508,1152,85,"43,763",80.96,72.37,85.5,81,35.8,918756,41.7,38,12,27.5,60.5,9.45,23.86,17.2,67,1261,17,2920,0.779,1.5,0.34,25.01,21,2.8,19.4,72.3,4.1,23,105.8,71.6,77.4,65.4,53.1,94.7,73.8,25.2,6.68,199.14,7.1,99.9,83.5,52.1,189.9,33.3,277.8,622.7,320.4,6.6,11.1,17479,1133,1404,1188,285,9.91,75.8,17,39.8,75.7,63.9,58.4,51.9,24.2,10.1,0.8,3.5,2.8,0.9,6,90.7,22.7,28.1,38,41.7,11.9,15.9,3.7,18.3,5.6,4.7,1.5,0.1,27.8,0.6,8.7,35.8,23.2,20.9,13.1,36,,,81,38.9,17.3,"182,963","55,073","96,305","277,403","289,354","204,857","268,459","319,911","338,558","157,437","267,827","437,188","155,629","86,332","54,881","49,707","9,882","16,488","6,897","9,432",38.8,7.7,"544,700","202,600","234,600",134.8,"300,925","3,289","2,965","3,503","3,252","4,530","4,434","4,753","4,572","2,552","2,266","2,192","2,337",383,781,15.5,18.1,2.7,6.2,12.9,2.7,0.301,0.241,283.4,11.1,23.9,"8,075"
13,13,M,Tokyo,Tky,東京,680,79,33,85,132,75,43,4.6,98.5,2528,2422,5048,86.2,"47,780",81.07,72,83.3,64.3,35.7,1665409,45.6,45.9,11.2,23.1,65.7,8.49,17.76,16.8,70,1445.5,11,5378,1.162,8.4,0.34,14.86,25.1,0.4,15.3,72.1,3.9,29.4,932.7,75.7,78.5,45,26.8,101.1,99.9,21.6,4.3,577.38,42,98.3,88.4,77.5,304.2,28.4,235.8,654.8,326.2,6.8,10.8,19669,1275,1570,665,386,11.05,78.5,18.3,43.1,75.8,66.6,58.6,54.3,19.1,5.6,1.2,2.6,2.4,1.8,4.9,89.8,15,28.7,45.9,45.6,14.9,18.9,5.7,19.5,3.8,2.6,1.7,0.2,49.6,1.3,18.3,35.7,21.4,22,13,37,,,64.3,36.8,11.7,"403,859","118,556","222,396","679,901","735,886","516,378","611,104","772,546","880,749","454,222","645,772","1,066,766","415,723","238,235","75,966","59,687","12,416","22,360","7,498","10,476",42.9,9.8,"1,096,700","471,300","573,700",138.1,"414,622","4,520","4,232","5,118","4,623","4,765","5,106","5,012","4,961","2,548","2,578","2,713","2,613",636,1291,36.2,56.2,5.9,10.6,30.6,5.9,0.343,0.269,275.5,11,23.3,"8,611"
14,14,M,Kanagawa,Kng,神奈川,458,76,34,88,138,95,51,3.7,74.1,1134,908,2135,83.9,"41,864",81.32,72.3,81.8,64.5,36.6,1231602,43.8,42.7,12.1,25.1,62.8,8.77,22.05,17.1,68,1573.5,6,2986,0.902,0.5,0.42,19.47,24.8,0.8,21,72.1,3.9,9.1,452.8,72.4,78,59.1,41.4,99.8,96.7,25.5,5.47,514.3,19.8,96.8,91.3,53.7,205.4,23.5,285.6,564.2,301.2,4.7,10.3,19035,1175,1477,917,345,10.06,76.8,19,41.3,75.2,64.7,58.9,52.4,21.2,8.2,0.8,2.4,1.8,0.7,5.7,90.1,19.1,29.9,42.7,43.8,11.6,18.6,5.1,17.7,4.2,3.6,1.2,0.1,37,0.7,11.9,36.6,22.5,21.2,12.7,37,,,64.5,32.9,16.2,"230,475","65,277","131,954","414,038","438,649","301,093","369,209","460,984","509,642","239,548","384,840","624,170","226,190","136,128","79,700","61,851","13,033","21,768","8,339","11,160",41.9,9.3,"765,600","313,300","369,300",133.6,"340,016","4,911","4,659","5,267","4,946","4,835","4,999","5,352","5,062","2,944","2,759","2,635","2,779",419,863,20.9,33.5,4.5,5.6,19.3,4.7,0.313,0.248,264,10.4,23.4,"8,056"
15,15,M,Niigata,Ngt,新潟,109,109,49,123,132,82,76,5.7,75.2,247,160,417,88.7,"42,283",80.69,72.45,89.8,60.7,47.7,378745,28.8,29.1,11.6,31.9,56.5,12.93,32.85,14.3,75,1795.5,79,2778,0.461,1,0.14,18.27,10.8,5.8,28.3,63.9,3.7,33.9,36.9,62.6,72.7,74,74.3,98.1,73.6,24.5,13.32,52.41,2.4,97.5,76.3,51.3,191.9,54.3,169.1,610.3,291.2,3,8.8,14208,1050,1339,1875,220,9.73,66.7,15,31.2,71.2,55.1,57.3,48.3,27.3,14.5,0.4,2.6,2.6,1.3,6,84.2,20.4,19.9,29.1,28.8,7.2,7,1.1,12.8,7.5,4.6,1,0.2,10.5,0.3,3.2,47.7,28.9,21.3,9.3,39,,,60.7,33.8,16.7,"75,706","20,239","39,792","91,718","106,311","69,856","109,799","114,396","133,221","64,039","134,082","191,494","49,572","38,174","55,354","54,942","15,975","21,635","7,128","10,811",46.8,10.1,"260,700","104,500","95,000",141.6,"275,943","3,559","3,575","3,401","3,512","4,116","4,654","4,689","4,486","2,640","2,638","2,643","2,640",233,453,5.4,9.6,0.8,1.4,5.2,1.7,0.291,0.24,295,11.3,23.1,"7,029"
16,16,M,Toyama,Tym,富山,51,111,73,202,169,121,81,10.2,73,137,123,299,80,"38,643",80.61,72.58,77.8,55.8,43.6,172418,32.5,32.2,11.6,32,56.4,12.46,34.39,15,78,2751,64,3373,0.478,0.5,0.07,21.38,15.3,3.3,33.1,62.1,3.1,55.3,41.2,67.9,76.1,76.8,77.1,91.6,84.5,32.4,15.38,111.24,4.7,95,90.6,42.1,241.8,59.1,270.4,619,324.4,4.1,9.2,17170,1070,1454,2057,257,10.22,73.2,16.2,37.3,74.1,59.4,60.2,53.2,33.2,18.4,0.8,2.7,4,1.4,7.2,88,21.9,25,32.2,32.5,8.7,8.5,2.7,12.3,9.7,6.5,1.1,0.1,4.9,0.3,1.8,43.6,29,19.4,11.4,38.1,,,55.8,41.2,19.5,"34,710","10,520","17,089","41,627","34,884","24,496","53,445","50,211","46,524","23,203","62,386","65,364","22,707","19,603","72,067","69,205","13,364","17,657","7,294","14,039",47.5,10.6,"120,800","49,600","42,500",144.9,"298,586","4,424","4,097","4,564","4,362","4,975","5,241","5,932","5,383","2,608","2,686","2,839","2,711",84,185,2.3,2.6,0.5,0.6,2.6,0.9,0.3,0.259,291,11,23.4,"7,247"
17,17,M,Ishikawa,Ish,石川,56,123,86,174,137,88,60,8.3,76.6,187,166,429,83.1,"45,153",81.04,72.67,76.8,60.1,36,171782,34.1,32.8,12.5,29.2,58.3,11.1,31.63,15.5,69,2765.5,59,2949,0.502,0.3,0.23,20.57,15.2,3,27.4,65.5,3.4,37.3,62.9,69.1,73.9,69.3,69.8,98.2,82.9,31.6,13.34,80.76,5.8,98.8,90.2,42,280.6,49.7,231.1,665.4,339.2,5.8,9.2,16152,1065,1308,1860,258,10.12,74.4,17.6,36.6,70.7,58.2,53.9,48.9,32.7,17.5,0.7,3.3,2.8,1.6,9.6,88.4,19.8,23.2,32.8,34.1,9.8,12.6,2.9,15,9.2,5.8,1.3,0,4.5,0.2,1.8,36,22.7,17.8,14,41.9,,,60.1,41.4,16.8,"35,531","11,764","18,544","30,822","45,897","27,002","50,631","39,363","43,219","19,150","45,130","78,932","17,678","16,366","79,996","57,617","12,685","17,311","7,582","10,674",44.6,8.6,"116,900","40,800","40,000",144.6,"297,927","4,748","4,526","5,340","4,871","5,303","6,132","5,769","5,735","2,384","2,371","2,459","2,405",85,203,1.7,3.2,0.5,0.9,2.8,0.7,0.307,0.259,312.6,11.5,23.9,"7,254"
18,18,M,Fukui,Fuk,福井,38,119,73,130,144,96,55,8.7,74.6,125,94,241,86,"35,634",81.27,72.45,79.2,61.6,34.3,122804,33.3,29.8,12.8,30.2,57,12,36.1,15.3,77,2632,60,3196,0.407,1.5,0.17,21.3,14.6,3.7,30.7,63.8,3.3,47,53.4,65,73.6,74.9,76.7,96,78.4,32.2,15.26,85.21,5.4,96,91.9,38,245.8,61.6,180.6,627.6,283.4,3.3,9,18562,1160,1558,2101,333,9.74,70.1,14.3,31.5,70.2,53.7,58.1,48.2,33.7,20.1,0.2,3.5,3.1,1.4,9.4,86.5,20.6,19.3,29.8,33.3,7.7,9.4,1.9,13.6,9.1,6.2,1.1,0.1,3.8,0.2,1.4,34.3,20.5,19.6,13.1,36.3,,,61.6,34.8,23.1,"20,911","7,098","11,809","27,273","25,114","17,641","33,432","33,340","29,054","15,349","33,739","47,423","14,896","14,335","69,445","60,660","14,391","16,416","8,090","14,138",45.1,8.4,"85,100","30,900","27,300",148.7,"310,290","4,383","4,453","4,497","4,444","4,368","4,906","5,206","4,827","2,286","2,232","2,718","2,412",78,188,1.7,1.9,0.4,0.6,1.4,0.4,0.3,0.253,288.3,10.5,24,"7,551"
19,19,M,Yamanashi,Ymn,山梨,40,91,52,128,152,103,58,7.4,86.1,116,85,225,82.6,"41,472",80.85,73.21,79.6,54.3,42,131562,34.3,29.8,11.9,30.3,57.8,11.76,30.2,16,60,1153.5,6,2785,0.414,1.8,0.29,19.95,15.6,7.2,27.8,62.9,4.4,65.9,72.5,68.2,74.2,70.2,73.8,97.7,65.7,29.7,9.58,21.27,5.4,96.8,84.1,53,231.8,76.5,436,537.7,273.1,3.6,8.5,13074,1072,1245,1938,240,11.31,72.9,15,35.1,70.1,52.9,57.1,46.6,31.8,16.8,1.2,3.9,4.1,1.8,7.5,85.1,23.9,24.9,29.8,34.3,8.7,9.8,2.4,14,9.5,6.5,2.5,0,4.2,0.1,1.5,42,18.5,19.9,16.2,33.4,,,54.3,38.5,17.7,"27,472","8,388","13,624","31,776","43,139","31,485","39,338","43,219","46,652","20,523","37,647","64,205","19,906","15,011","56,512","50,013","7,840","16,388","6,401","7,724",40.4,8.3,"83,900","30,700","31,100",142.5,"294,344","3,725","3,367","3,634","3,575","4,247","4,143","3,875","4,088","1,966","1,896","1,653","1,838",85,167,1.9,3.1,0.6,0.6,1.6,0.5,0.298,0.242,317.8,11.1,24,"7,236"
20,20,M,Nagano,Ngn,長野,101,95,46,118,172,95,76,6.2,76.8,298,214,520,76,"44,865",81.75,72.11,67.8,60.8,41,343557,34.9,31.2,12.4,31.5,56.1,12.36,32.82,13,74,886,73,2927,0.515,1,0.4,25.95,13.9,9.1,28.5,60.1,3.4,54.8,49,68.1,73.5,71.2,73.2,96.4,83.1,32.3,13.21,30.01,3.5,98.1,71.6,49.4,226.2,77.2,351.4,488.4,288.4,2.4,9.5,15486,989,1281,1969,213,10.45,73,13.4,34.6,71.1,54.8,58.1,46.8,33.9,20.9,0.8,2.2,4.7,1.5,8,86.1,25.4,23.2,31.2,34.9,10.1,9.3,2.3,15.2,8,7.8,1.8,0,9.3,0.2,3.6,41,18,17.3,10.7,29.3,,,60.8,26.5,16.9,"64,640","19,511","35,617","83,076","93,916","61,957","91,458","103,443","116,977","44,068","99,423","166,778","39,801","30,774","61,587","59,254","11,458","17,981","7,478","11,675",48.7,12,"242,500","108,300","95,000",142.1,"298,346","3,802","3,951","3,952","3,902","4,952","5,006","5,222","5,060","2,232","2,585","2,129","2,315",189,365,3.8,5.6,1.1,1.4,3.7,1.6,0.283,0.239,352,11.8,24.3,"7,148"
21,21,M,Gifu,Gif,岐阜,97,91,50,90,172,164,58,4.9,79.9,237,251,397,86.3,"41,462",81,72.89,79.8,67.6,35.6,316040,32.7,27.4,12.7,29.8,57.5,11.44,32.64,16.9,64,2087,28,2755,0.544,1.2,0.23,24.6,14.7,3.1,32.1,61.8,3.4,37.9,71.7,67.4,75,74.3,74.4,93.1,74.8,33.4,9.97,65.58,4,97.1,83.9,48.1,208.9,49.5,243.4,600.7,322.2,4.9,10.1,16864,1143,1357,1960,238,9.73,73.3,15.8,35.8,73.2,55,58.9,46.6,33.2,19.3,0.8,3.2,2.8,1.1,7.8,85.9,21.5,20.9,27.4,32.7,8.9,11.3,2.7,13.8,9,6.7,1.2,0,11.7,0.2,4.4,35.6,26.1,19.1,12.8,37.8,,,67.6,34.9,20.4,"55,549","17,100","28,897","69,401","76,918","56,080","82,555","94,946","95,439","36,765","83,750","130,977","34,334","38,661","78,650","57,618","14,381","21,094","9,232","11,812",44.5,8.9,"211,300","71,500","73,800",142.9,"286,838","4,545","4,606","5,032","4,728","5,256","5,036","5,736","5,343","2,569","2,297","2,572","2,479",182,369,2.8,8.3,1.1,2,3.3,1.2,0.303,0.25,272.8,10.7,23.7,"7,990"
22,22,M,Shizuoka,Shz,静岡,180,86,41,117,146,108,39,4.8,75,439,326,785,83.8,"41,249",80.95,72.63,80.6,62.7,44.5,575731,31.9,31.7,12.5,29.5,58,11.18,29.99,17.7,67,2442,2,3316,0.728,0.9,0.35,21.05,15.3,3.8,32.2,60.9,4,26.5,98.5,68.2,73.5,67,66,96.8,62.6,29.4,8.46,92.42,5.4,98.3,84,48.1,200.8,47,776.2,616,306.9,4,7.8,15552,1070,1324,1762,295,9.76,72.4,15.8,38.9,71.1,54.2,57.4,46.2,30.8,15.3,0.3,3.4,2.3,0.8,6.6,87.2,21.4,20.9,31.7,31.9,8,9.8,2.6,12.5,11.5,4.9,1.8,0.1,16.9,0.4,7.1,44.5,20.5,20.6,14.7,36.2,,,62.7,32.7,15.6,"111,060","33,058","63,233","144,736","174,279","131,829","165,799","200,791","208,015","91,487","161,421","290,252","79,933","66,973","61,106","53,377","9,237","17,680","7,103","9,874",45.4,9.7,"376,000","139,800","151,400",142.4,"307,294","4,227","3,958","3,990","4,058","4,400","4,497","4,303","4,400","2,400","2,404","2,110","2,305",263,499,6.1,10.1,2.1,2.6,6.7,1.4,0.296,0.244,274.2,10.3,23.3,"8,676"
23,23,M,Aichi,Ach,愛知,377,84,33,84,137,113,47,4.3,72.2,803,818,1401,85.2,"40,900",81.1,73.06,81,52.6,34.2,1003934,35.7,35.2,13.3,24.9,61.8,8.93,26.53,16.9,62,1695.5,17,3677,0.926,1.5,0.15,21.26,18.7,2.1,32,61.3,3.4,13.1,178.9,71.2,78.5,59.5,51,99.5,77.2,24.6,7.69,158.49,9.6,99.4,90.3,49.6,207.7,36.2,467.8,565.4,286.1,3.8,10.5,18551,1216,1393,1568,304,9.18,75.4,17.2,36.7,76.2,62.4,63.4,52.8,22.9,11.2,0.9,3.2,1.9,1.1,5.1,89.5,19.5,27.7,35.2,35.7,7.5,14.6,2.5,14.2,6,4.2,1.2,0.1,37.9,0.8,11.9,34.2,23,20.4,12.3,39.9,,,52.6,35.7,12.8,"201,520","65,438","118,128","297,342","315,676","242,633","313,669","397,765","396,578","150,337","314,094","546,854","155,013","131,404","70,906","50,008","11,974","19,433","7,608","9,573",43.5,9.1,"642,000","233,700","261,000",140.9,"348,361","4,326","3,819","4,693","4,279","5,005","4,766","5,315","5,029","2,341","2,241","2,537","2,373",428,977,25.8,35.7,2.9,5.3,15.5,3.5,0.301,0.24,228.8,10.6,23.3,"8,035"
24,24,M,Mie,Mie,三重,87,104,42,96,134,110,37,5.2,85.3,171,192,336,82.9,"41,910",80.86,71.79,81,62.8,37.1,277137,35.5,29.8,12.4,29.4,58.2,11.41,28.83,16.9,63,1720,20,3556,0.594,0.4,0.43,26.36,14.3,3.6,31,62.1,3.4,25.3,74.1,66.9,75.2,72,72.9,99.3,53,29,9.37,133.26,4.2,96.6,81.2,46.5,217,40.9,261.7,552,283.4,2.7,10.6,17209,1121,1336,1790,268,10.79,72.3,17.1,35.7,74.4,60.2,60.6,51.7,29.8,18,0.9,2,3.4,1.2,6.5,87.4,22.2,22.4,29.8,35.5,8.6,12.6,1.8,14.9,7.9,5,0.7,0,9.9,0.2,4.5,37.1,22.4,19.6,12.8,41.6,,,62.8,38.6,21.3,"54,202","16,703","31,143","71,120","79,522","61,353","79,746","98,181","94,465","33,188","84,615","144,418","39,249","32,872","77,829","64,495","13,982","18,124","7,459","11,391",41.9,7.2,"180,800","56,000","58,100",140.6,"311,298","5,049","5,101","5,052","5,067","5,551","5,575","5,241","5,456","2,796","2,679","2,446","2,640",154,349,4.9,7.4,1.1,1.4,4.7,0.7,0.295,0.229,268.7,10.7,23.5,"7,119"
25,25,M,Shiga,Shg,滋賀,70,100,48,93,152,104,65,4,77.2,224,175,303,81.7,"46,742",81.78,72.3,77.5,62.9,26.4,194397,40.7,31.8,14,25.7,60.3,9.26,29.66,15.7,75,1863,33,3058,0.564,0.3,0.23,28.62,18,2.6,32.6,61.1,3.5,35.4,81.9,71.6,77.6,71.6,67.4,99.4,89.3,33.9,9.02,46.74,3.8,98.2,93,39.3,220.9,50.6,298.3,566.2,276.5,4.4,10.3,16607,1281,1547,1750,246,8.26,76.9,17.4,38.8,75.9,62.7,63,53.1,36.1,21.1,1.8,4.7,3.5,1.1,7.7,88.4,22,25.1,31.8,40.7,10.2,14.7,2.9,18.1,9.2,7.8,1.1,0,7.3,0.2,2.2,26.4,22,17.4,11,39.2,,,62.9,35.1,20.3,"36,640","10,540","21,850","55,999","56,389","42,872","54,057","70,656","70,931","21,940","61,904","94,128","27,079","25,786","98,480","64,822","13,800","22,099","9,754","12,370",45.8,9.4,"136,500","49,900","47,900",138.9,"320,567","4,932","6,283","6,538","5,918","5,582","5,338","5,796","5,572","2,276","2,462","2,854","2,531",97,223,3.4,5.3,0.5,0.7,2.9,0.9,0.293,0.234,269.3,10.1,23.9,"7,760"
26,26,M,Kyoto,Kyt,京都,124,103,58,129,138,101,62,6.4,94.9,542,454,799,86.2,"39,985",81.4,71.85,82.3,69.6,33.1,378082,41.2,35.4,11.7,28.9,59.4,10.17,22.56,16.9,65,1770,24,2942,0.588,0.2,0.36,19.31,20.1,2.1,21.6,67.7,4.4,26.1,209.5,70.1,73.1,61.3,55.3,100.9,93.9,24.6,7.36,203.18,13.5,98.3,80.1,50.3,314.9,45.8,237.1,530.2,281.4,2.7,10.6,14190,1208,1420,1073,308,11.86,74,13.6,37.5,69.6,56.9,55.7,48.1,22.8,11.2,0.7,3.5,3.3,1.5,5.4,87.3,19,23.7,35.4,41.2,14.1,15.2,6.2,17.8,5.6,4.1,1.3,0.1,10.3,0.4,4.4,33.1,21.4,20.3,13.2,39.7,,,69.6,35.5,11.1,"62,559","18,213","34,807","100,088","100,902","77,125","94,277","118,968","131,455","48,506","108,221","163,087","53,080","43,098","93,418","61,129","16,102","18,573","8,681","11,071",39.9,7.3,"253,700","84,100","90,400",130.6,"289,442","5,152","5,806","6,243","5,734","4,574","4,582","5,272","4,809","2,490","2,583","2,616","2,563",171,369,4.6,7.5,1.4,2.2,4.8,1.6,0.308,0.261,287.9,10.7,23.4,"8,572"
27,27,M,Osaka,Osk,大阪,423,107,56,115,161,105,81,5.8,96.9,1606,1316,2288,96.5,"36,159",80.23,71.5,94.8,72.9,33.2,1248094,37.3,37.2,12,27.5,60.6,9.87,19.7,17.4,65,1651.5,12,3127,0.778,0.5,0.24,20.06,17.8,0.5,22.2,68.5,5.3,17.1,631.3,66.9,71.4,54.7,40.7,99.6,94.6,20.6,5.37,488.66,36.2,99.6,95.6,62.4,270.4,25.9,390.1,484.9,268.8,4.5,10.4,15017,1171,1354,843,295,13.28,72,15.8,36.7,68.8,56.3,53.2,46.4,18.4,7.4,0.8,2.5,2.1,0.9,4,86.2,12.4,25.6,37.2,37.3,9.6,12.6,4.6,16.1,3.9,1.8,1.1,0.3,49.1,1.6,16.7,33.2,25.4,22.3,17.9,45.6,,,72.9,44.8,13.3,"207,330","62,953","111,070","314,178","309,797","220,233","329,022","368,613","393,005","167,010","340,711","454,072","167,905","128,194","75,620","55,898","10,860","16,666","8,692","9,501",41.1,8.9,"826,600","303,400","327,600",136.4,"333,311","4,970","4,623","5,195","4,929","4,483","4,482","4,584","4,516","2,167","2,153","2,263","2,194",470,988,11.8,35.2,4.2,6.4,27,7.2,0.315,0.248,253.5,9.9,24,"8,762"
28,28,M,Hyogo,Hyg,兵庫,261,99,51,106,189,122,75,6.4,93.8,786,797,1513,87,"40,049",80.92,72.08,86.1,59.4,36.9,814335,37.7,34.1,12.5,28.8,58.8,10.28,22.95,17.4,67,2037.5,19,2752,0.641,0.1,0.17,19.48,20.2,2,25,69,4.6,19.3,181.6,69.5,73.9,64.8,50.4,98,92.5,26,12.63,215.17,11.4,95.9,84.4,54.2,242.4,32.1,449.8,450.8,281,3.5,9.1,16778,1104,1410,1144,274,12.38,75.4,16.7,38.5,72.1,57.6,56.6,48,24.8,12.9,0.9,2.7,3.1,1.4,6.6,87.2,17.5,28.4,34.1,37.7,10.3,13.6,3,15.6,5.5,4.1,1.3,0.1,28.5,0.9,10.5,36.9,23.2,20.3,16.3,40,,,59.4,36.5,18.5,"139,256","43,454","77,054","197,104","217,842","164,457","203,647","242,945","267,835","106,162","237,434","336,878","105,629","82,783","69,455","51,759","11,436","18,106","7,606","9,401",47,11.3,"580,800","231,200","236,000",134.1,"313,029","4,687","4,304","4,703","4,565","4,378","4,737","4,455","4,523","2,357","2,371","2,661","2,463",347,753,10,17.3,2.1,5.3,14,4.1,0.303,0.254,293.9,10.5,23.8,"7,782"
29,29,M,Nara,Nar,奈良,63,98,50,114,144,105,59,5.9,91.4,197,183,460,79.1,"44,867",81.36,71.39,79.5,73.5,29,214311,38.4,34.8,12,30.9,57.2,10.75,24.07,16.2,70,1646.5,17,2494,0.426,0.6,1.21,24.42,22.3,2.6,22.6,71.6,4.9,24.2,140.7,69.5,75.6,74.1,67.6,97,81.1,26.8,13.4,281.81,8.8,97.6,79.7,51.2,243.1,41,299.9,608.5,307.4,4.5,10.8,17849,1230,1441,1353,288,11.19,74.7,15.7,36.9,74,62.3,60,52,26.4,14.3,0.9,3.6,2.9,1.3,5.7,87.3,22.8,24.1,34.8,38.4,10.6,12.3,3.2,18.4,5.1,3.2,1,0,6.8,0.2,2,29,23.8,17.5,14.4,39.8,,,73.5,36.5,10.5,"32,490","9,876","18,044","42,133","46,997","36,683","43,410","54,897","57,593","21,809","49,095","70,046","20,507","19,235","93,200","69,298","14,993","22,801","10,248","12,506",42.6,8,"144,500","50,600","47,700",127.6,"265,623","5,968","5,500","6,364","5,944","5,056","4,999","5,345","5,133","2,790","2,377","2,895","2,687",104,196,3.7,5.2,0.4,0.6,4.4,0.8,0.293,0.251,279.1,10.6,23.7,"8,631"
30,30,M,Wakayama,Wky,和歌山,44,113,62,123,189,138,127,9,110.8,142,115,384,101.1,"38,198",79.94,71.36,101.2,74.5,32.4,157561,32,25.6,11.7,32.7,55.6,13.52,26.07,17.3,68,1950.5,19,2738,0.33,2,0.74,20.41,13,8.8,21.7,66.7,4.5,28,92.8,63.6,67.4,73,74.1,97.8,26.3,24.2,7.47,25.47,6.7,95.9,84.3,57.1,290.1,52.9,242.8,480.8,224.9,1.6,10.8,17629,1100,1215,1709,229,15,69.1,13.7,34,65.2,47.8,52.5,41.7,24,12.9,0.2,3.9,3,1.7,4.7,83.7,19.6,21.5,25.6,32,7.5,8.7,1.2,13.9,5.1,3.6,0.9,0,6.5,0.2,2.2,32.4,23.1,23,18.5,42,,,74.5,43.1,16.5,"25,711","7,206","12,136","26,902","33,533","25,116","32,657","38,435","42,594","15,952","39,571","59,583","14,849","14,787","76,489","52,714","12,013","15,245","8,261","7,955",41.2,6.4,"104,100","30,900","29,500",138.5,"276,047","5,856","4,332","5,384","5,191","3,800","3,775","4,254","3,943","2,019","1,548","1,908","1,825",116,229,1.6,3,0.3,0.7,2,1.2,0.315,0.241,280.4,10.6,23.9,"6,743"
31,31,M,Tottori,Ttt,鳥取,27,127,54,149,172,126,98,7.7,89.4,130,59,172,93.5,"33,377",80.17,71.69,100.2,58.3,45,91335,31.1,28.7,12.6,31.6,55.8,13.34,31.29,15.7,74,2183.5,48,2249,0.273,1.4,0.17,19.52,13,8.8,21.3,66.9,3.9,54.1,55.2,65.2,68.7,68.8,70.9,97.2,69.2,32.2,11.5,34.75,4.3,99.2,89.8,46.2,298.1,59.3,155.2,542.1,267,3.1,9.2,14759,944,1313,1954,245,11.12,71.3,13.6,35.3,65.8,48.2,52.3,39.2,34,20.8,0.6,3.3,4.3,1.6,7,83.4,18.6,19.4,28.7,31.1,8.3,7.2,2.3,13.2,8.9,7.9,1.3,0,3.2,0.1,1.2,45,26.9,22.9,20.3,40.7,,,58.3,32.3,26,"13,430","4,082","7,116","14,291","13,255","11,575","22,073","19,556","18,660","9,583","22,559","28,487","8,450","7,417","57,375","46,608","14,454","12,978","7,190","8,703",46.8,8.7,"63,800","24,500","20,100",145.1,"267,826","3,895","3,830","3,790","3,838","4,024","4,462","4,941","4,476","2,079","2,301","2,040","2,140",59,125,1.1,1.8,0.3,0.3,1.2,0.6,0.289,0.243,288.8,10.3,23.7,"6,698"
32,32,M,Shimane,Shm,島根,33,133,50,149,185,114,80,7.3,106.1,126,69,191,89.2,"43,552",80.79,71.71,88.2,56,38.5,118674,31.1,28,12.3,34,53.7,14.15,32.48,15.6,76,1976.5,43,2647,0.26,3,0.05,20.25,11.8,7.8,22.5,67.3,2.9,51.8,55.5,63.5,67.6,70.2,71.7,95.9,46.7,33.1,15.44,31.18,3.3,99.1,79.1,39.6,272.3,79.3,150.4,606.4,313.3,3.9,9.8,16640,826,1156,1829,210,11.98,71.5,14.2,33.5,66.5,49.9,49.6,40.2,37.6,22.5,0.7,3.6,4.8,1.3,9.2,85.9,21.9,25.3,28,31.1,9.4,8,1.4,11.8,8.8,7.9,0.9,0,4.9,0.1,1.2,38.5,24.3,20,15.9,39.5,,,56,32.5,11.1,"21,347","6,043","11,120","22,286","24,829","16,808","27,703","27,788","30,660","12,633","31,235","50,089","11,481","9,185","54,613","46,716","11,534","17,722","6,813","9,993",48,9.7,"84,800","33,200","29,000",147.1,"280,616","3,968","3,306","3,579","3,618","4,045","4,050","4,375","4,157","2,484","2,189","2,184","2,286",95,199,1.4,1.7,0.4,0.5,1.6,0.5,0.33,0.279,313.8,11.1,24.2,"6,820"
33,33,M,Okayama,Oky,岡山,91,102,57,104,130,98,63,8.5,87.3,333,245,645,85.6,"35,613",81.03,71.54,80.2,66.3,35.8,291867,35,32.7,12.6,30.1,57.3,11.33,26.83,16.3,71,1410,16,2744,0.527,0.4,0.18,21.85,16.1,4.6,26.1,64.4,4.1,32.8,74.3,66.8,73.3,64.9,66.6,98.1,66.2,30.8,14.71,73.87,6.6,98.7,80.8,51.6,300.4,53.6,311,543.3,290.9,5.4,8.8,16645,1043,1356,1831,267,11.19,71.4,16.6,35.8,71.2,54.9,57.4,44.8,32.1,18.6,0.8,4.1,3.1,1.6,7.8,87.3,24,24.2,32.7,35,8.9,10.2,2.3,13.5,5.5,6.2,1.8,0.1,11,0.3,4,35.8,20,17.9,15.2,38.1,,,66.3,44.6,28.9,"46,024","14,621","27,344","64,684","62,949","52,845","69,635","87,605","85,268","34,779","80,427","119,697","34,380","30,852","58,128","45,330","11,796","15,659","6,385","8,236",43.4,7.7,"190,800","62,000","58,700",142.5,"287,628","3,679","4,117","3,968","3,921","3,915","4,651","4,460","4,342","2,127","2,172","1,941","2,080",157,381,3.3,7,0.7,1.3,3.1,1.2,0.293,0.234,278.9,10.1,24.2,"8,136"
34,34,M,Hiroshima,Hrs,広島,137,112,52,116,156,145,117,8.5,91.4,381,308,808,87.1,"38,440",81.08,71.97,82,65.6,33.7,423353,32.8,28.7,12.9,29,58.1,10.89,25.24,16.8,62,1878.5,32,3074,0.615,0.3,0.05,21.24,18.1,3.1,26,67.7,3.7,30.6,110.2,66.5,70.1,61.4,55.5,94.1,73.4,25.6,10.46,135.95,9.1,99.4,89.6,55.4,254.6,46.1,269.2,536.1,282.3,3.4,9.3,17106,1051,1304,1497,248,11.91,72.7,15,35.2,68.3,52.4,55.4,43.5,25.8,15.2,0.8,3.2,2.8,0.9,6.2,88.2,19.5,36.7,28.7,32.8,8.8,9.8,2.4,12.8,4.2,4,1.1,0.1,13.7,0.5,5.1,33.7,20.6,18,18.3,39.5,,,65.6,39.6,16.2,"67,985","22,134","38,768","95,705","84,297","65,074","107,902","114,589","109,260","50,604","127,230","145,829","50,924","40,515","81,388","58,023","14,607","19,751","8,011","9,743",44.3,8.4,"285,100","104,500","103,900",144.3,"318,271","5,274","4,492","5,542","5,103","4,412","4,598","5,003","4,671","2,503","2,254","2,672","2,476",239,467,4.3,11.1,1,2.3,5.3,3.3,0.293,0.243,276.7,11.2,23.7,"7,829"
35,35,M,Yamaguchi,Ymgc,山口,65,142,69,228,145,136,81,10.7,91.3,163,190,349,89.5,"37,888",80.51,72.18,90.1,70.8,37.9,236270,29.7,29.3,11.8,33.9,54.3,13.53,24.5,16,76,1939.5,47,2774,0.453,1.3,0.17,22.82,13.5,4.8,25.6,67.5,4,38.4,74.3,65.8,68.7,67.1,67.5,91.9,64.6,27.8,13.97,66.73,6.9,98.9,92.5,48.3,246.5,55.5,292.7,552,284,3.4,8.3,16659,849,1131,1632,198,14.55,71.9,14.5,37.8,66.6,50.3,54.1,41.6,27.2,15.2,0.4,3.4,3.6,0.9,7.2,84.1,22,23.1,29.3,29.7,8.4,9.3,2.1,12.7,4.4,4.4,1.6,0.2,8.7,0.4,2.7,37.9,23.2,20.3,17.6,38,,,70.8,46.2,11.2,"34,088","9,499","17,409","42,070","47,262","35,003","50,369","51,814","51,522","19,994","59,024","82,152","24,889","18,018","63,802","48,522","11,115","15,707","6,856","7,875",40.7,7.1,"154,900","53,500","51,100",142.2,"284,647","3,005","4,107","4,299","3,804","4,402","4,687","4,210","4,433","1,609","1,935","1,844","1,796",150,280,2.1,5.2,0.9,0.9,3.2,1.1,0.299,0.26,270,10.7,23.9,"7,817"
36,36,M,Tokushima,Tks,徳島,35,123,98,168,150,164,84,14.7,99.9,158,121,240,86.7,"37,571",80.32,71.34,79.8,61.6,40.3,126897,29.2,29.6,11.3,33.1,55.7,13.74,26.64,17.1,71,1760,12,2921,0.334,3.4,1,18.04,14.3,8.2,23.4,65.3,5,37.1,72.3,65.4,66.8,69.2,70.7,94.7,18.1,26.2,7.26,26.13,9.3,97.9,80.1,57.6,315.9,55.8,381.7,577.8,282.7,3.4,10.2,14739,1052,1290,1925,225,12.9,70.3,15.4,38.8,62.5,46.9,48.5,40.2,26.2,14.9,0.5,3,2.7,1.1,5.2,83.2,20.9,22,29.6,29.2,8.1,8.9,1.8,13.7,5.5,4,0.9,0.1,6.3,0.2,1.6,40.3,21.1,22.8,17.9,37.8,,,61.6,45.7,11.6,"20,475","5,869","9,183","21,371","24,874","20,851","25,449","31,122","29,822","12,328","28,065","43,380","12,218","11,954","75,025","58,821","12,034","17,254","8,056","9,757",39.8,6.8,"76,800","25,600","25,600",145.8,"292,169","4,460","4,321","5,158","4,646","4,149","4,032","4,693","4,291","2,341","2,341","2,939","2,540",82,164,1.5,2.3,0.3,0.5,2.1,0.6,0.326,0.287,312.6,10.2,24,"6,791"
37,37,M,Kagawa,Kgw,香川,47,118,61,121,192,148,76,9.2,86.3,169,143,303,83.6,"38,033",80.85,72.37,83.1,69.8,37.6,156715,33.1,29.1,12.3,31.5,56.1,12.3,27.02,17,69,1575,22,2925,0.487,2,0.53,21.43,16.5,5.3,25.1,66.6,4,29.7,82.9,66,67.5,69.3,67.6,96.2,44.3,28.2,16.55,49.42,7.9,99.9,94.4,49,276,58.5,537.2,590.9,318.6,4.5,9.4,18215,998,1311,1765,238,12.12,71.2,14.3,36.9,65.2,49,52,39.5,27.2,15.6,0.4,3.3,2.9,1.1,7.1,85.3,22.6,19.7,29.1,33.1,8,9.8,3.1,11.7,6.5,4.7,1.3,0,6.6,0.1,2.2,37.6,22.6,19.6,16,37.7,,,69.8,27.4,12.4,"28,040","8,939","13,836","32,422","35,965","27,915","37,139","44,575","42,928","19,017","40,644","61,830","18,237","16,917","78,617","61,983","14,156","19,085","7,772","11,473",42,7.7,"101,500","36,100","34,600",143.9,"302,931","5,173","4,629","5,271","5,024","4,526","4,780","5,041","4,782","2,233","2,083","2,158","2,158",68,154,2.2,3.4,0.4,0.9,3,0.7,0.304,0.255,284.9,10.6,24.1,"7,696"
38,38,M,Ehime,Ehm,愛媛,64,125,69,152,137,117,98,10.1,91.6,200,168,429,93.5,"33,982",80.16,71.33,90.2,80.3,38.6,222810,31.7,28.6,12,32.6,55.4,13.3,25.13,17.1,68,1796.5,22,2535,0.434,0.6,0.54,22.32,14.8,7.3,23.1,64.8,4.4,31.8,74.4,66.8,67.8,66.5,68.3,92.7,52.7,27.5,11.33,35.92,7.6,96.1,85.2,50.2,262.5,51.9,257.9,464.8,264.1,3.8,9.6,12627,1046,1189,1565,181,13.77,72.2,15.4,39.2,67,50.4,51.4,40.5,27.1,15.1,0.4,3.2,3.4,1.1,5.8,84.5,22.1,23.3,28.6,31.7,8.4,8.5,1.6,13.6,6,4.1,0.9,0.1,8.1,0.3,2.8,38.6,23.9,20,18.7,41.4,,,80.3,40.3,11.1,"35,316","10,459","18,995","45,466","54,275","38,402","51,280","62,354","55,905","26,288","48,782","83,163","29,574","23,480","81,898","58,058","14,100","18,165","8,403","10,571",39.7,6.9,"143,600","49,600","47,100",141.3,"267,940","5,415","4,900","5,703","5,339","4,701","4,817","5,247","4,922","2,376","2,438","2,453","2,422",132,269,2.5,2.8,0.5,1.4,2.4,1.3,0.291,0.247,273.2,10.7,24.1,"7,845"
39,39,M,Kochi,Kch,高知,33,110,125,282,122,132,181,17.8,78.7,98,93,203,96.9,"44,497",80.26,71.37,100.1,70.1,37.6,124089,26.4,25.1,11.2,34.8,54.1,14.22,24.23,17.4,72,3092.5,3,2532,0.268,0.8,0.85,23.6,11,11.4,16.6,68.7,4.9,54.9,48.1,62.7,60.8,64.9,67.6,92.1,38.5,22.6,9.87,72.56,10.1,99.4,84.1,51.3,306,73.9,228.5,553.5,309,5.2,7.7,12597,873,997,1519,172,16.49,67.3,11.4,31.5,58.5,40.5,44,31.7,24.3,11.9,0.3,3.8,3,1.2,5.2,80.6,17.5,17.3,25.1,26.4,6.3,6.9,1.6,10.9,6.2,3.9,0.7,0.1,4.6,0.2,1.3,37.6,28.1,21.4,15.9,39.5,,,70.1,43.1,29.3,"20,689","6,338","8,448","23,179","31,403","23,959","28,363","34,481","33,388","20,451","34,926","49,433","14,660","13,284","67,661","57,078","10,141","15,328","8,775","9,063",39.5,7,"79,800","24,800","29,600",141.1,"272,488","4,905","4,261","4,663","4,610","4,539","4,277","4,562","4,459","2,138","2,205","2,280","2,208",109,193,1.7,2.2,0.5,0.7,1.2,1.3,0.33,0.273,310.4,9.8,25.1,"5,647"
40,40,M,Fukuoka,Fkk,福岡,242,122,68,148,146,89,46,9,92.3,796,847,1600,93.9,"37,042",80.66,71.49,92.5,42.3,33.6,710787,34.6,32.7,13.2,27.6,59.2,10.29,21.99,17.7,69,1617,28,2724,0.643,0.8,2.26,18.7,16.3,2.8,20.2,72.1,5.3,23.1,169,65.8,73.6,52.8,44.3,93.9,80.9,28.1,9,219.84,14.5,98.6,86.5,60.6,297.6,35.8,612.5,539.6,322.6,4.3,9.2,11804,1052,1229,1352,238,11.84,70,15.4,35.7,71,56.2,54.9,44.3,26.4,13.7,0.5,3.3,2.2,0.9,5.9,85.8,19.2,29.9,32.7,34.6,9.5,9.6,2.1,14,5.3,3.5,2,0.5,26.5,1.4,11.1,33.6,22.3,20.6,20.8,38.8,,,42.3,41.2,11.7,"125,849","39,474","60,765","179,839","185,162","139,471","206,315","220,560","225,662","88,001","202,224","312,723","120,374","67,548","70,647","52,058","9,782","15,216","7,327","9,297",41.1,8.1,"437,900","171,100","181,900",138.8,"290,368","4,531","4,206","4,782","4,506","3,983","4,275","4,354","4,204","1,916","1,910","2,011","1,946",349,725,14.5,26.8,2.4,4.6,16.3,2.4,0.305,0.26,320.2,11.7,24,"7,474"
41,41,M,Saga,Sag,佐賀,39,121,62,157,186,92,122,12.4,84.8,108,93,226,99.6,"34,729",80.65,71.6,92.2,50.2,38.4,125443,31.8,26.6,13.6,29.7,56.6,12.1,32.01,17.4,71,1877,20,2412,0.348,1.8,0.46,22.46,12.3,8.4,23.5,65,4.1,33.6,51.6,63.4,68.5,66.9,69.2,94.8,59.1,32.6,10.26,19.47,6.9,100,96,50.5,276.8,60.2,699,587.3,294,3.3,9.3,13004,1093,1199,1873,204,10.41,68,14.9,31.9,64.2,47.2,51.5,41.4,32.2,19.4,0.7,3.3,3.4,0.7,7.7,82,20.8,26.2,26.6,31.8,7.9,7.6,1.5,12.9,7.5,6.9,2.2,0.1,5.2,0.2,2.2,38.4,25.1,17,19.9,38,,,50.2,43.2,9.1,"22,477","7,483","11,190","25,062","30,379","22,716","35,174","36,068","35,113","13,435","33,635","51,560","17,381","10,391","62,807","43,489","8,205","12,152","5,499","8,623",45.9,8.7,"82,500","30,000","29,300",150,"272,624","3,818","3,854","4,109","3,927","4,579","4,405","3,745","4,243","1,621","1,928","1,533","1,694",93,165,1.5,3.4,0.5,1.3,2.3,1,0.299,0.252,289.2,10.6,23.7,"7,283"
42,42,M,Nagasaki,Ngs,長崎,63,135,81,170,164,129,67,11.2,103.3,201,163,385,93.6,"34,723",80.38,71.83,92.1,62,34,218706,27.5,25.8,12.7,32,55.3,12.94,26.34,17.7,75,1821,21,2388,0.336,0.2,0.35,22.08,11,7.4,19.5,69.9,4.4,27.6,82.4,64.5,62.2,63.7,64.4,95.8,61.4,27.7,10.51,71.05,7.3,96.8,92.1,54.2,295.7,56.2,346.1,545.5,271.5,1.8,9.2,10173,970,1171,1448,200,13.18,70.6,16.6,33,58.3,43.2,44.7,34.6,28.4,14.1,0.4,2.7,3.8,0.9,7.7,82.9,19.8,20.9,25.8,27.5,6.2,7.6,2.1,13.8,5.7,4.4,1.9,0.1,10.4,0.3,3.3,34,20.5,22.1,17,43.5,,,62,37.9,21.8,"40,707","11,057","17,542","37,006","53,494","37,905","51,481","56,026","57,370","19,671","51,700","88,978","25,181","16,999","67,389","58,686","10,158","15,725","8,757","10,811",43.7,7.9,"143,800","50,700","55,000",146.6,"278,279","4,598","4,766","4,408","4,591","4,460","4,470","4,378","4,436","2,761","2,449","2,522","2,577",173,314,2.9,5.5,0.7,1,3.2,0.9,0.312,0.272,269.1,10.5,23.6,"7,061"
43,43,M,Kumamoto,Kmm,熊本,83,112,80,161,134,114,67,12.1,84,298,203,538,82.8,"31,798",81.22,72.71,84.4,57.3,33.9,277369,31.7,26.8,13.4,30.6,56,12.23,28.29,17.5,72,1950.5,19,2438,0.407,4.7,0.53,14.14,12.4,9.6,20.6,67.5,4.5,26.3,52.1,66.7,66.6,61.9,63.1,86.3,68.1,32.7,8.1,62.26,6.3,99.6,89.7,47.8,281.9,56.5,272.3,529.1,266.9,3.9,8.9,11865,1026,1089,1717,199,11.88,72,14,35.8,64.5,48.4,48.6,38.1,33.5,17.8,0.3,3.9,3.7,1,8.5,81.9,21.3,20.6,26.8,31.7,8,10.6,3.1,13,7,6.8,8.9,0.2,12.6,0.5,3.6,33.9,16.7,17.5,16.9,36.8,,,57.3,36.5,8.6,"51,700","15,605","24,371","60,323","65,869","51,177","70,756","85,080","81,556","34,263","75,510","121,615","38,528","24,096","73,805","42,689","10,039","14,104","7,775","9,364",42.5,7.8,"171,200","64,300","66,800",144.1,"276,908","3,718","4,315","4,957","4,330","3,403","3,774","4,126","3,768","1,541","1,747","1,659","1,649",165,340,4.7,6.4,0.8,1.8,4.5,1.2,0.311,0.257,,,,
44,44,M,Oita,Oit,大分,54,126,74,114,99,89,92,13.7,83.6,145,147,403,81.8,"35,386",81.08,71.54,79.7,61,34.2,188649,31.2,28.5,12.3,32.4,55.2,12.5,26.01,17.1,72,1663,14,2619,0.383,1,0.3,21.71,12.7,6.7,22.3,66.5,4.5,28.3,53.6,67.2,70.1,63.6,63.1,89.9,53,29.8,10.48,62.65,7.3,99.2,91.3,46.7,268.5,58.7,315.6,598.6,299.7,3,9.1,11336,892,1113,1598,212,12.94,72.8,17.6,37.5,68.9,53.5,53.4,44.1,30.5,16.8,0.4,4.8,3.9,1.1,7.1,85.6,20,23.8,28.5,31.2,8.1,7.2,2.1,11.8,7.1,4.6,1.8,0.1,6.1,0.3,2.2,34.2,17.8,17.4,16.5,36.6,,,61,40.4,20.7,"35,982","11,368","17,531","39,559","53,621","37,523","51,688","53,853","56,412","19,558","52,311","86,044","25,983","18,364","80,322","55,260","11,460","18,574","8,347","10,843",43.2,7.8,"120,400","44,000","44,500",144.8,"271,242","5,375","4,860","5,508","5,248","4,537","4,158","4,927","4,541","2,631","2,178","2,579","2,463",122,255,2.1,2.9,0.6,1.3,2.8,1.1,0.333,0.265,299.8,10.4,23.8,"7,599"
45,45,M,Miyazaki,Myz,宮崎,51,121,61,152,126,145,104,12.8,83.8,109,102,270,85,"31,221",80.34,72.05,92.1,71,42.2,176819,28.4,27.1,13.4,31.7,54.9,12.63,27.85,17.8,77,3167.5,2,2315,0.343,2,0.64,20.09,10.4,10.8,20.6,66.5,4.6,27.2,47.8,64.5,65.9,65.7,68.4,95,58.4,29.1,17.37,54.22,6.6,100,85.9,46,238.4,62.3,688.8,451.2,250.5,2.8,8.9,10136,969,1039,1719,182,13.55,69.8,15,32.8,62.7,46,48.8,37.8,29.5,14.6,0.8,3.5,3.8,1.1,7.5,81.1,22,20.8,27.1,28.4,6.3,7.8,2.3,12.4,6,5.2,2,0.1,7.5,0.3,1.5,42.2,21.3,17.6,18.5,35.8,,,71,40.6,17,"32,354","8,630","12,728","32,752","40,029","32,818","41,699","45,341","47,333","17,591","48,595","71,688","21,523","13,028","76,183","50,163","11,821","14,825","7,150","10,553",40.8,7.1,"101,700","42,300","40,900",144,"259,006","4,383","3,933","5,130","4,482","3,616","3,741","5,036","4,131","2,053","1,795","2,476","2,108",130,235,1.6,3.4,0.9,1,2,1.1,0.293,0.247,291.7,10.7,24.8,"7,022"
46,46,M,Kagoshima,Kgs,鹿児島,76,138,89,205,115,203,105,15,85.8,201,181,450,90.8,"36,556",80.02,72.31,91.3,60,44.1,264397,27.1,27,13.3,31.4,55.3,13.43,25.06,19,73,2397,9,2384,0.343,0.7,0.88,23.32,10.6,9.3,19.1,69.7,4.7,38.2,42.3,68.2,66.8,64.6,67.9,96.8,41.2,32.6,11.7,39.24,6.3,100,89.8,50.1,262.9,58.3,361.4,491.8,263.3,3.6,8.1,9477,1017,1049,1645,188,15.33,73.5,12.7,36.2,64.4,47.3,49,37.1,35,21.2,0.5,3.7,4.8,1.5,9.8,83.8,24.2,21,27,27.1,7.1,6.3,1.3,10.6,6.2,7.8,2,0.3,12.1,0.4,4.2,44.1,19.5,18.2,16.7,36.7,,,60,44.1,20.2,"52,123","15,311","19,968","47,711","62,437","47,290","60,469","66,380","67,749","21,346","69,608","112,766","28,656","19,519","80,142","57,555","14,428","16,294","8,305","12,210",40.9,7.3,"155,200","57,800","64,900",144.9,"255,396","5,083","5,072","5,381","5,179","4,183","4,946","4,795","4,641","2,198","2,546","2,409","2,384",214,490,2.1,5.5,0.7,1.9,3.6,1.7,0.322,0.252,279.4,11.3,24.5,"7,296"
47,47,M,Okinawa,Okn,沖縄,71,72,51,130,99,92,50,6.3,62,153,125,261,84.2,"28,102",80.27,71.98,93.9,61.5,38.1,172123,33.5,28.4,17,21.6,61.4,8.28,22.42,23.5,74,2469.5,0,2166,0.348,1,1.26,22.99,12.7,4.5,13.8,73.5,6.3,27.9,75.4,67.9,52.4,44.4,38.8,97.8,73.6,25.1,10.29,68.35,6.9,99.5,84.6,42.7,243.1,53,306.3,403.2,226.3,3.5,7.3,5747,954,850,1513,210,9.25,74,19.9,35.6,48.1,33.9,31.7,25.8,25.8,10.1,0.4,4.3,3.1,1.3,9.1,83.6,18.2,24.2,28.4,33.5,6.1,11.7,2.3,13.3,3.3,3.7,1.1,0.1,5.9,0.2,2.1,38.1,12.4,25.8,11.2,36.6,,,61.5,33.3,17.5,"41,848","11,471","18,547","34,411","36,372","32,190","43,763","49,376","43,815","28,995","33,575","59,177","25,610","14,767","54,015","37,179","7,870","13,915","7,043","8,737",28.1,4.6,"64,000","28,500","29,800",142.9,"246,948","3,322","2,990","3,457","3,256","3,553","3,786","3,872","3,737","1,834","1,961","1,887","1,894",145,262,2.9,2.5,0.4,0.7,2.5,0.7,0.316,0.285,272.5,9.1,24.1,"6,850"
48,1,F,Hokkaido,Hkk,北海道,280,,,,,,,,,,,,66.1,,86.77,73.77,62.9,34.5,21,1124226,31.6,41.9,,,,,,,,,,,,,,,,,,,,,,,,,,,,,,,,,,,,,,,,,,,,,,,,59.9,12.7,40.8,72.2,57.1,56.9,45.1,23,8.7,0.5,3.1,4.1,1.1,8,85.3,31.4,21.2,41.9,31.6,10.5,9.3,3.2,8.4,2.7,2.7,0.9,,,,,21,8.4,13.4,4.1,14.4,14.3,6.2,34.5,15.1,5.5,"78,692","14,424","68,412","67,443","156,655","91,421","74,483","102,645","170,638","25,425","53,307","241,134","59,732","82,620",,,,,,,,,,,,,,,,,,,,,,,,,,,,,,,,,,,,279.8,9.1,22.3,"6,051"
49,2,F,Aomori,Amr,青森,67,,,,,,,,,,,,66.9,,85.93,75.14,71.5,36.6,28.2,286808,24.6,32.8,,,,,,,,,,,,,,,,,,,,,,,,,,,,,,,,,,,,,,,,,,,,,,,,50.7,9.2,35.5,61.7,42.8,52,35,22.3,9.5,0.3,2.4,3.1,1.4,8.7,78.9,30,12.9,32.8,24.6,7.5,6,1.5,6,3,3.4,0.6,,,,,28.2,11.1,16.1,4.7,12.8,16.2,6.9,36.6,19.6,6.8,"32,291","6,020","24,525","24,534","49,573","25,960","18,055","35,745","59,167","6,752","16,127","74,269","14,251","25,428",,,,,,,,,,,,,,,,,,,,,,,,,,,,,,,,,,,,299.7,9.7,23.2,"6,010"
50,3,F,Iwate,Iwt,岩手,64,,,,,,,,,,,,60.8,,86.44,74.46,61,37.9,29.3,276291,30.2,38.3,,,,,,,,,,,,,,,,,,,,,,,,,,,,,,,,,,,,,,,,,,,,,,,,56.4,11.3,37.5,68.6,47.2,57.8,37.9,31,15.8,0.7,3.1,6.2,1.9,9.6,83.2,34.5,17.1,38.3,30.2,10.1,6.2,2.2,6.5,4.7,6.1,2.3,,,,,29.3,7.3,14.6,4.1,8.8,12.6,5.2,37.9,13.7,5.2,"28,758","5,630","19,668","29,248","72,795","27,292","13,164","37,074","58,339","4,215","17,278","83,706","12,480","27,792",,,,,,,,,,,,,,,,,,,,,,,,,,,,,,,,,,,,286.1,9.3,22.6,"6,132"
51,4,F,Miyagi,Myg,宮城,118,,,,,,,,,,,,57.4,,87.16,74.43,56.4,30.9,23.7,419639,37.6,43.5,,,,,,,,,,,,,,,,,,,,,,,,,,,,,,,,,,,,,,,,,,,,,,,,61.2,12.9,43.6,75.1,60.7,61.2,50,28.9,13,0.8,2.3,5.2,2.1,10.9,85.6,32.6,22.5,43.5,37.6,12.2,10.3,2.7,8.9,7.1,4.7,2.3,,,,,23.7,7.3,10.9,4.2,10,11.3,6.1,30.9,12.9,5.3,"53,381","9,673","46,871","48,273","124,281","66,084","29,498","70,440","121,722","10,792","32,510","162,924","25,880","40,662",,,,,,,,,,,,,,,,,,,,,,,,,,,,,,,,,,,,286.6,9.4,23.2,"6,354"
52,5,F,Akita,Akt,秋田,52,,,,,,,,,,,,60.5,,86.38,74.53,65.9,29.6,26.9,248161,28,33.9,,,,,,,,,,,,,,,,,,,,,,,,,,,,,,,,,,,,,,,,,,,,,,,,56,10.2,38.5,69.8,49.7,59.6,41,24.2,10.8,0.4,2.5,4.6,1.3,8.5,78.7,32.7,18.2,33.9,28,10,6.5,2.5,6.2,3.1,3.3,0.7,,,,,26.9,9.5,13.4,3.4,10.5,12.7,6.5,29.6,14.3,3.1,"23,015","3,892","20,181","14,384","41,355","21,380","10,924","24,810","37,916","2,845","12,582","60,226","7,706","16,760",,,,,,,,,,,,,,,,,,,,,,,,,,,,,,,,,,,,269.3,9.6,22.8,"6,541"
53,6,F,Yamagata,Ymgt,山形,57,,,,,,,,,,,,54.3,,86.96,75.06,48,31.4,27.4,243153,31.6,36.4,,,,,,,,,,,,,,,,,,,,,,,,,,,,,,,,,,,,,,,,,,,,,,,,55.3,11.4,36.3,73.9,55.7,61.3,47.4,29.7,14.3,0.5,2.8,6.7,1.8,10.5,82.7,33.5,16.3,36.4,31.6,11.5,6.5,2,7.7,4.6,4.4,1.3,,,,,27.4,9.6,11.9,3.2,8.9,9,4.5,31.4,14.1,8.4,"29,863","5,136","24,950","17,757","33,528","19,320","13,542","30,193","36,032","2,907","12,711","83,131","10,445","15,382",,,,,,,,,,,,,,,,,,,,,,,,,,,,,,,,,,,,273,9.8,23.4,"5,893"
54,7,F,Fukushima,Fks,福島,94,,,,,,,,,,,,57.8,,86.4,75.05,55.4,41.1,27.4,383349,28.9,37.7,,,,,,,,,,,,,,,,,,,,,,,,,,,,,,,,,,,,,,,,,,,,,,,,59.4,11.9,40.1,73,55.4,62.5,48.3,27.3,12.7,0.3,2.6,4.6,1.3,9.9,83.3,34.7,13.4,37.7,28.9,8.9,6,1.3,5.9,4.5,3.6,1.2,,,,,27.4,9,12.2,4,12.1,11.7,5.1,41.1,14.6,15.5,"46,864","8,754","37,300","33,914","63,228","45,222","23,021","56,850","79,963","6,295","23,604","121,923","20,773","31,452",,,,,,,,,,,,,,,,,,,,,,,,,,,,,,,,,,,,314.3,9.9,23.9,"6,470"
55,8,F,Ibaraki,Ibr,茨城,144,,,,,,,,,,,,58.1,,86.33,75.52,57.6,37.3,24.9,533440,33.7,39.4,,,,,,,,,,,,,,,,,,,,,,,,,,,,,,,,,,,,,,,,,,,,,,,,63.9,13.6,46.4,75.9,55.4,64.9,47.2,25.9,10.4,1,2.3,4.1,1.7,11,87.3,36,16.2,39.4,33.7,10.5,9.4,2.7,9,3.1,4.2,1.4,,,,,24.9,8.8,14.1,3.6,10.2,12.7,5.7,37.3,19,9.4,"54,853","10,479","45,571","38,747","68,103","45,320","29,713","56,424","81,526","7,860","30,314","114,777","24,312","30,122",,,,,,,,,,,,,,,,,,,,,,,,,,,,,,,,,,,,274.2,9.4,23.1,"6,471"
56,9,F,Tochigi,Tch,栃木,98,,,,,,,,,,,,60.6,,86.24,75.73,56.2,39.3,28.5,357002,32.9,40,,,,,,,,,,,,,,,,,,,,,,,,,,,,,,,,,,,,,,,,,,,,,,,,65.1,12.9,46.3,75.9,54.2,65.5,46.5,27.3,11.8,0.6,2.7,5,1.9,11.5,84,34.9,14.4,40,32.9,12.1,10,2.6,7.8,3.8,5.1,0.7,,,,,28.5,8.5,12.4,4.2,9.7,12.1,5.8,39.3,16.9,8.2,"36,501","7,288","33,225","30,811","93,798","49,049","19,635","54,251","68,861","6,409","20,317","118,189","20,257","24,092",,,,,,,,,,,,,,,,,,,,,,,,,,,,,,,,,,,,277.2,9,22.8,"6,583"
57,10,F,Gunma,Gnm,群馬,99,,,,,,,,,,,,56,,86.84,75.2,57.7,36.6,23.5,372063,35.1,39.8,,,,,,,,,,,,,,,,,,,,,,,,,,,,,,,,,,,,,,,,,,,,,,,,64.5,12.1,46,77.3,55.1,68.7,48.2,29.3,12.5,0.5,2.5,5.7,1.4,11,87,35.8,14.8,39.8,35.1,11.2,9.3,2.5,9,5.3,4.7,0.6,,,,,23.5,8.3,12.6,4.3,10.8,10.6,5.7,36.6,17.9,4.8,"41,308","7,889","32,745","31,843","69,897","55,145","19,898","49,929","88,988","6,140","22,050","116,717","20,169","26,303",,,,,,,,,,,,,,,,,,,,,,,,,,,,,,,,,,,,261.7,9.3,23,"6,430"
58,11,F,Saitama,Stm,埼玉,367,,,,,,,,,,,,56.6,,86.66,74.67,55,38.9,20.9,1213169,37.5,45.3,,,,,,,,,,,,,,,,,,,,,,,,,,,,,,,,,,,,,,,,,,,,,,,,68.9,13.1,48.6,80.9,68.5,65.6,57.8,26.6,8,1.7,2.5,3.9,1.6,11.8,89.5,32.7,14.8,45.3,37.5,12.6,11.7,4.2,9.3,3.9,3.8,0.8,,,,,20.9,8.9,11,4.2,10.9,13.2,5.5,38.9,19,7.4,"133,769","24,855","110,637","128,964","306,988","194,768","80,125","183,009","312,950","31,669","98,224","418,667","80,793","96,273",,,,,,,,,,,,,,,,,,,,,,,,,,,,,,,,,,,,295.1,9.4,22.6,"6,880"
59,12,F,Chiba,Chb,千葉,315,,,,,,,,,,,,53.3,,86.91,75.17,54.2,41.3,21.7,1072554,40.6,46.8,,,,,,,,,,,,,,,,,,,,,,,,,,,,,,,,,,,,,,,,,,,,,,,,67.5,13.6,48,78.9,65.6,64.4,54.3,26.2,9.1,0.7,2.6,4.2,1.5,10.6,90.6,34.9,17.9,46.8,40.6,14.9,13.4,3.4,11.2,3.7,4.1,1,,,,,21.7,8.6,11.2,4.1,11.5,12,6.2,41.3,18.2,6.5,"113,793","21,048","98,872","110,110","251,983","151,159","71,894","151,035","261,243","27,068","78,105","341,569","70,666","83,177",,,,,,,,,,,,,,,,,,,,,,,,,,,,,,,,,,,,284.2,9.7,22.5,"7,086"
60,13,F,Tokyo,Tky,東京,702,,,,,,,,,,,,55.5,,87.26,74.24,53.5,32.2,19.4,2065419,46.7,53.1,,,,,,,,,,,,,,,,,,,,,,,,,,,,,,,,,,,,,,,,,,,,,,,,73,14.8,51.8,81.1,71.7,64.4,59.1,24.2,5.3,1.2,2.9,4.6,2.2,10.3,90.5,26.4,19,53.1,46.7,19.5,17.9,5.6,13.2,3.8,2.3,2.3,,,,,19.4,8,12.2,4.1,11.9,13.3,5.8,32.2,14.7,4.3,"244,405","46,522","210,525","333,155","700,530","416,222","192,159","377,902","741,758","115,300","259,026","915,406","234,362","263,511",,,,,,,,,,,,,,,,,,,,,,,,,,,,,,,,,,,,277.4,9.1,22.2,"7,250"
61,14,F,Kanagawa,Kng,神奈川,460,,,,,,,,,,,,57.7,,87.24,74.63,54.9,31.5,19,1462684,43.9,45.2,,,,,,,,,,,,,,,,,,,,,,,,,,,,,,,,,,,,,,,,,,,,,,,,68,15.4,48.6,80.7,68.3,65.2,56.2,29.9,9.4,1.3,3.5,4.7,2.7,14,90,31,20.6,45.2,43.9,17.8,16.1,6.1,11.8,4.9,3.3,1.8,,,,,19,7.8,13.1,3.8,10.9,13.7,6,31.5,13.8,4.8,"119,363","20,794","106,485","159,596","382,795","221,155","91,769","202,149","390,239","45,046","121,128","483,692","101,077","128,809",,,,,,,,,,,,,,,,,,,,,,,,,,,,,,,,,,,,303.6,9.2,22.4,"7,795"
62,15,F,Niigata,Ngt,新潟,116,,,,,,,,,,,,56.3,,87.32,75.44,54.8,29,25.4,481667,29.1,36.9,,,,,,,,,,,,,,,,,,,,,,,,,,,,,,,,,,,,,,,,,,,,,,,,58.7,13.3,39.3,74.1,59.3,59.9,52.8,21.8,10.1,0.4,2.1,3.3,1.1,8,82.4,32.2,13.9,36.9,29.1,9.6,6.1,1.4,5.8,3.6,2.3,0.8,,,,,25.4,9.2,11.8,3.1,8.9,11.4,4.7,29,12.1,5.8,"47,233","8,416","44,932","39,396","108,687","55,278","24,958","57,458","109,461","9,476","37,535","160,492","21,343","45,405",,,,,,,,,,,,,,,,,,,,,,,,,,,,,,,,,,,,291.2,9.4,22.8,"6,186"
63,16,F,Toyama,Tym,富山,54,,,,,,,,,,,,51.9,,87.42,75.77,52.4,27.3,22.5,224203,35.9,41.5,,,,,,,,,,,,,,,,,,,,,,,,,,,,,,,,,,,,,,,,,,,,,,,,62.8,10.7,44.2,77.9,62.3,65.6,55.6,31.6,15.1,0.8,2.2,7,1.1,10.2,86.1,34.1,15.2,41.5,35.9,12.9,7.9,2.6,8.7,6.2,5.9,1.1,,,,,22.5,10.4,12.4,3.7,8.4,10.8,4.1,27.3,16,5.4,"24,377","4,483","21,442","16,560","25,779","13,735","10,789","20,238","31,567","2,757","15,168","45,183","10,434","19,823",,,,,,,,,,,,,,,,,,,,,,,,,,,,,,,,,,,,263.1,8.9,23,"6,074"
64,17,F,Ishikawa,Ish,石川,59,,,,,,,,,,,,55.8,,87.28,75.18,53.6,32.9,21.9,221208,34.1,38,,,,,,,,,,,,,,,,,,,,,,,,,,,,,,,,,,,,,,,,,,,,,,,,64,15.6,44.4,76.9,63.3,60.4,52.7,30.6,14.2,0.3,3,5.1,1.7,12.3,87.7,33.6,17.1,38,34.1,12,8.5,2.4,8,5.5,5.3,1.2,,,,,21.9,10,11.2,5,11.3,11.2,6.2,32.9,16.6,5.6,"26,113","5,310","23,864","17,823","48,929","24,597","13,253","23,602","39,287","3,226","13,942","71,038","10,291","22,621",,,,,,,,,,,,,,,,,,,,,,,,,,,,,,,,,,,,255.7,9.2,22.1,"6,465"
65,18,F,Fukui,Fuk,福井,40,,,,,,,,,,,,48.8,,87.54,75.26,47.9,33,17.9,154509,35.2,36.3,,,,,,,,,,,,,,,,,,,,,,,,,,,,,,,,,,,,,,,,,,,,,,,,60.2,13.5,36.7,76.8,57.4,65.3,49.8,30.9,15.9,0.9,3.1,6.4,1.7,10.9,84.4,31,12.7,36.3,35.2,11.7,8.3,2.5,9.3,5.1,4.7,1.6,,,,,17.9,10.3,11.2,4.2,9.6,9.8,6.1,33,15.8,6.6,"13,610","2,809","12,328","11,375","19,363","10,820","6,339","14,825","20,393","2,064","7,954","34,951","6,488","15,358",,,,,,,,,,,,,,,,,,,,,,,,,,,,,,,,,,,,268.7,9.1,22.8,"6,732"
66,19,F,Yamanashi,Ymn,山梨,42,,,,,,,,,,,,50.2,,87.22,76.22,51.7,29.5,23,162076,36.1,38.7,,,,,,,,,,,,,,,,,,,,,,,,,,,,,,,,,,,,,,,,,,,,,,,,63.7,12,42.8,78.1,57.6,67.5,49,27.8,10.8,1,3.3,5.4,2.2,9.7,84.8,32.8,15.7,38.7,36.1,12.8,9.8,3.1,9.4,4.9,6.1,2.1,,,,,23,8.1,12.1,5.2,9.7,11.7,4.6,29.5,12.5,6.8,"18,205","3,626","14,887","14,287","44,361","24,179","10,603","22,993","38,395","3,176","9,802","53,686","9,602","16,952",,,,,,,,,,,,,,,,,,,,,,,,,,,,,,,,,,,,299.7,9.4,22.2,"6,838"
67,20,F,Nagano,Ngn,長野,106,,,,,,,,,,,,49.6,,87.67,74.72,50.8,28.3,22.2,425339,35.4,41.4,,,,,,,,,,,,,,,,,,,,,,,,,,,,,,,,,,,,,,,,,,,,,,,,63.4,12.7,42.9,75.8,58.5,63.3,48.7,30.8,13.6,0.8,2.9,7.2,2.3,10.8,85.1,34.8,14.9,41.4,35.4,13.2,7.9,2,8.6,6.8,5.5,1.7,,,,,22.2,6.5,11.2,3.6,8.3,10.1,4.5,28.3,10.7,5.9,"45,224","8,954","39,961","36,770","99,101","50,663","18,405","50,752","93,824","6,069","25,614","144,863","17,556","35,350",,,,,,,,,,,,,,,,,,,,,,,,,,,,,,,,,,,,335.3,10.1,22.5,"6,606"
68,21,F,Gifu,Gif,岐阜,103,,,,,,,,,,,,55.5,,86.82,75.65,55.9,34.8,19.8,389650,34.7,37.1,,,,,,,,,,,,,,,,,,,,,,,,,,,,,,,,,,,,,,,,,,,,,,,,61.9,11.8,40.7,76.6,58.4,65.5,49.8,33.7,17.2,1.3,2.8,6.1,1.8,12.4,85,32.7,13.2,37.1,34.7,13.1,10.1,3.4,9.2,5.2,5.9,1.7,,,,,19.8,9,13.3,4.4,9.3,11.1,4.9,34.8,15.3,7.8,"37,133","7,237","32,066","26,714","71,049","39,760","15,632","43,115","71,826","4,905","19,470","107,045","13,388","36,393",,,,,,,,,,,,,,,,,,,,,,,,,,,,,,,,,,,,256.7,9,22.6,"7,234"
69,22,F,Shizuoka,Shz,静岡,186,,,,,,,,,,,,54.7,,87.1,75.37,55.3,32.5,23.3,701807,34.7,41.3,,,,,,,,,,,,,,,,,,,,,,,,,,,,,,,,,,,,,,,,,,,,,,,,64.1,12.2,44.1,75.8,55.3,63.2,47.3,28,9.6,1,1.7,5.3,1.5,11.6,86,32.6,14.1,41.3,34.7,12.6,9.3,2.4,7.7,6.3,4.1,1.3,,,,,23.3,7.3,11.4,4.1,9.7,11.5,5.9,32.5,13.5,5.6,"69,160","13,128","65,466","52,378","151,831","92,821","36,417","95,023","154,218","14,019","39,716","226,798","33,853","61,438",,,,,,,,,,,,,,,,,,,,,,,,,,,,,,,,,,,,242.8,9,22.3,"6,975"
70,23,F,Aichi,Ach,愛知,377,,,,,,,,,,,,55.9,,86.86,76.32,54.2,31.8,20.7,1192664,36.8,42.2,,,,,,,,,,,,,,,,,,,,,,,,,,,,,,,,,,,,,,,,,,,,,,,,66.9,14.3,46.1,80.8,66.6,69.4,57.2,26.3,11.5,1.5,2,3.6,1.2,10.9,88.2,30.8,18.1,42.2,36.8,13.1,11.1,3.8,8.9,4.9,4.1,1.3,,,,,20.7,9.1,12.9,4.4,11.6,12.3,6.2,31.8,14.3,5.4,"127,976","27,440","116,988","102,113","286,495","181,781","60,110","179,714","295,116","23,028","79,989","426,087","59,736","119,993",,,,,,,,,,,,,,,,,,,,,,,,,,,,,,,,,,,,237.7,9.3,22.9,"6,077"
71,24,F,Mie,Mie,三重,92,,,,,,,,,,,,47.3,,86.99,76.3,49.4,32.4,23.1,344858,34.3,37.6,,,,,,,,,,,,,,,,,,,,,,,,,,,,,,,,,,,,,,,,,,,,,,,,61.7,12.1,40.3,76,59.3,65.5,50.9,28.2,14.4,0.7,1.9,4.8,2.4,10,85.9,32.3,14.4,37.6,34.3,12.1,9.4,2.6,8.6,5.4,4.3,1.2,,,,,23.1,9.1,11.5,4,9.5,10.8,5.6,32.4,15.5,7.6,"37,732","7,180","33,846","25,170","68,460","45,130","15,208","48,257","70,691","4,328","18,461","121,536","15,904","30,547",,,,,,,,,,,,,,,,,,,,,,,,,,,,,,,,,,,,239.8,9,22.3,"6,460"
72,25,F,Shiga,Shg,滋賀,72,,,,,,,,,,,,48.5,,87.57,74.07,47.8,33.8,17.1,233041,39.2,42,,,,,,,,,,,,,,,,,,,,,,,,,,,,,,,,,,,,,,,,,,,,,,,,66.5,13.6,45.7,79.1,63.5,67.2,55.3,31.8,16.2,0.7,2.7,5.9,2.8,13.9,88.5,35.3,15.8,42,39.2,14.8,10.3,3.1,10.1,7.9,5.7,1.2,,,,,17.1,9.5,10.9,3.8,10.7,10,3.8,33.8,13.8,8.1,"24,100","4,250","23,028","21,294","49,251","32,713","9,947","33,934","53,927","3,181","14,957","78,066","10,951","24,410",,,,,,,,,,,,,,,,,,,,,,,,,,,,,,,,,,,,240.2,8.7,22.1,"7,292"
73,26,F,Kyoto,Kyt,京都,135,,,,,,,,,,,,54.1,,87.35,73.97,52.7,37.6,18.8,485101,41,45.3,,,,,,,,,,,,,,,,,,,,,,,,,,,,,,,,,,,,,,,,,,,,,,,,66.4,13.7,45,76.3,62.3,61.7,51.4,26.2,8.7,1.1,2.6,5.2,2.1,9.9,89.1,30.9,16,45.3,41,17.4,13.4,4.4,10.6,3.9,3.4,0.9,,,,,18.8,8.8,11.7,4.9,12,10.8,3.8,37.6,13.9,4.9,"38,716","6,770","37,607","41,321","88,974","57,706","23,794","54,248","100,498","9,420","34,203","132,163","24,128","44,100",,,,,,,,,,,,,,,,,,,,,,,,,,,,,,,,,,,,253.8,9,22,"7,524"
74,27,F,Osaka,Osk,大阪,458,,,,,,,,,,,,57.3,,86.73,74.46,57.4,37.6,16.6,1561892,38,42.8,,,,,,,,,,,,,,,,,,,,,,,,,,,,,,,,,,,,,,,,,,,,,,,,62.2,12.4,42,73.8,61.7,59,49.5,22.6,8.2,1.4,2.4,3.7,1.3,8.7,87,24.5,16.3,42.8,38,12.9,12.2,3.6,11.2,2.9,2.7,1,,,,,16.6,9.4,13.1,6,13.3,11.5,5.1,37.6,19.6,5,"124,973","22,953","109,322","115,701","242,245","145,772","86,374","157,750","266,714","32,935","113,655","329,385","69,626","123,709",,,,,,,,,,,,,,,,,,,,,,,,,,,,,,,,,,,,226.8,8.4,22.7,"7,186"
75,28,F,Hyogo,Hyg,兵庫,287,,,,,,,,,,,,54.1,,87.07,74.23,51.5,33.2,19.1,1030286,40.1,41.6,,,,,,,,,,,,,,,,,,,,,,,,,,,,,,,,,,,,,,,,,,,,,,,,64.2,13.1,45.2,75.6,61.1,63.1,50.1,27,10,1.4,3.4,5.9,1.9,10.4,87.2,29.4,17.2,41.6,40.1,15,11.9,3.9,11.4,4.2,4.3,1.6,,,,,19.1,8.3,12.5,6.1,11.2,10.9,4.6,33.2,15.7,7.6,"83,363","15,637","79,220","77,028","192,441","120,084","40,604","110,978","206,259","16,880","65,543","271,726","46,676","85,537",,,,,,,,,,,,,,,,,,,,,,,,,,,,,,,,,,,,261.9,9.1,22.4,"6,813"
76,29,F,Nara,Nar,奈良,71,,,,,,,,,,,,52.6,,87.25,74.1,50.5,39.1,17.8,269286,38.9,45.5,,,,,,,,,,,,,,,,,,,,,,,,,,,,,,,,,,,,,,,,,,,,,,,,64.9,12.8,45.7,77.1,61.8,64.9,52.2,27.1,11.4,1.4,2.5,5.1,2,9.6,86.6,35.7,15.6,45.5,38.9,14.8,12.4,4.2,12.4,3.9,4,1,,,,,17.8,7.9,10.1,4.7,12.9,11.6,4.2,39.1,15.9,4.1,"21,034","3,657","19,694","16,531","42,743","28,285","9,415","25,804","44,286","3,487","14,209","58,842","9,128","19,596",,,,,,,,,,,,,,,,,,,,,,,,,,,,,,,,,,,,263.5,9.2,22.3,"6,787"
77,30,F,Wakayama,Wky,和歌山,50,,,,,,,,,,,,51.5,,86.47,74.42,53.2,42.1,19.5,207510,34,32.9,,,,,,,,,,,,,,,,,,,,,,,,,,,,,,,,,,,,,,,,,,,,,,,,58.7,10.3,41.5,69.3,51.3,57.7,43.2,24.4,9.6,0.4,2.3,4.9,1.2,8.3,83.2,32.1,12.7,32.9,34,11.9,8,2.7,6.2,3.5,2.7,0.6,,,,,19.5,8.4,13.7,5.9,12,10.7,5,42.1,17.7,7.9,"17,920","3,097","14,863","11,270","28,807","17,789","7,602","19,356","32,451","2,458","10,869","48,093","6,814","15,449",,,,,,,,,,,,,,,,,,,,,,,,,,,,,,,,,,,,232.4,8.8,22.5,"6,062"
78,31,F,Tottori,Ttt,鳥取,29,,,,,,,,,,,,51.7,,87.27,74.14,61.3,30.1,22.9,120945,31.4,38.7,,,,,,,,,,,,,,,,,,,,,,,,,,,,,,,,,,,,,,,,,,,,,,,,59.6,12,38.4,71.4,50.5,59.8,40,30.7,16.1,0.8,2.7,6.2,1.4,10.7,82.7,31.5,13.1,38.7,31.4,10.8,7.6,2.1,6.9,5.4,5,0.6,,,,,22.9,10.2,10.2,4.8,10.5,8.4,7.4,30.1,11.5,10.7,"9,639","1,745","8,756","7,219","9,919","7,495","3,752","9,657","14,029",1119,"5,455","22,096","3,694","9,036",,,,,,,,,,,,,,,,,,,,,,,,,,,,,,,,,,,,278,8.9,22.1,"5,857"
79,32,F,Shimane,Shm,島根,35,,,,,,,,,,,,47.7,,87.64,75.74,55,30.3,21.3,155815,31.5,38.2,,,,,,,,,,,,,,,,,,,,,,,,,,,,,,,,,,,,,,,,,,,,,,,,56.1,10.8,36.8,68.6,49.3,54.5,39.3,29,11.4,0.6,2.7,6.1,1.7,10.4,82.2,34.1,15.7,38.2,31.5,11,6.9,2.2,7.8,4.1,3.3,0.9,,,,,21.3,8.5,10.7,5.2,9.4,9.4,4.7,30.3,12.1,4.3,"15,189","2,610","14,156","10,404","20,571","10,863","4,763","13,629","23,134","1,466","6,967","40,189","5,152","9,718",,,,,,,,,,,,,,,,,,,,,,,,,,,,,,,,,,,,277.2,9.6,22.5,"6,549"
80,33,F,Okayama,Oky,岡山,99,,,,,,,,,,,,51.3,,87.67,75.09,50.7,32.7,21,373834,38.8,42.5,,,,,,,,,,,,,,,,,,,,,,,,,,,,,,,,,,,,,,,,,,,,,,,,62.5,12.3,41,75.3,54.1,61.8,43.7,29.5,13.9,1,3.5,6.6,1.6,10.7,86.7,34.7,13.8,42.5,38.8,11.9,8.5,2.7,10.3,4.4,5.1,1,,,,,21,7.7,9,4.3,8.9,9.2,4.6,32.7,17.4,9.6,"28,931","5,812","27,482","27,556","55,579","37,349","13,642","45,193","63,637","4,731","19,235","98,016","16,197","32,331",,,,,,,,,,,,,,,,,,,,,,,,,,,,,,,,,,,,253.3,8.4,23.3,"6,042"
81,34,F,Hiroshima,Hrs,広島,145,,,,,,,,,,,,54.1,,87.33,73.62,53.2,35.7,19,538526,35.8,42.7,,,,,,,,,,,,,,,,,,,,,,,,,,,,,,,,,,,,,,,,,,,,,,,,60.7,12.3,41.6,71.8,55.9,60.2,44.5,25.5,10.9,0.5,2.7,4.7,1.7,10.6,86.2,30.5,29.3,42.7,35.8,12.2,8.8,2.6,8.9,3.3,3.3,1.1,,,,,19,8.1,11.3,5.6,11,9.9,5.3,35.7,15.9,6.9,"38,299","8,351","36,034","40,070","67,544","38,175","20,045","50,271","76,499","9,096","33,403","104,493","20,763","39,723",,,,,,,,,,,,,,,,,,,,,,,,,,,,,,,,,,,,269.9,9,22.4,"7,357"
82,35,F,Yamaguchi,Ymgc,山口,72,,,,,,,,,,,,61,,86.88,75.18,59.5,38.3,21.2,315502,33.1,39.1,,,,,,,,,,,,,,,,,,,,,,,,,,,,,,,,,,,,,,,,,,,,,,,,60.3,11.6,43.2,70.6,52.6,61.5,44.2,28.3,14.2,0.8,2.6,5,1.4,10.1,84.5,35.7,16.6,39.1,33.1,12.7,8,3.2,8.6,2.7,3.8,1.5,,,,,21.2,9.2,11.8,5.6,11.6,12.7,5.3,38.3,20.2,4.9,"21,498","3,733","19,218","16,964","37,027","21,458","8,812","23,744","37,834","2,605","13,792","59,638","10,532","17,636",,,,,,,,,,,,,,,,,,,,,,,,,,,,,,,,,,,,247.5,8.7,22.1,"6,969"
83,36,F,Tokushima,Tks,徳島,39,,,,,,,,,,,,47.4,,86.66,74.04,58.2,33,20.1,162474,34.2,37.1,,,,,,,,,,,,,,,,,,,,,,,,,,,,,,,,,,,,,,,,,,,,,,,,61,11.3,45.5,70.7,50.7,56.6,42.6,26.2,12,0.5,2.7,4.9,1.8,9.3,81.1,35,15.7,37.1,34.2,11.7,8.6,1.8,8.7,4.4,4.2,1.7,,,,,20.1,7.4,10.1,4.5,10.1,9.8,6,33,19.3,4.9,"15,063","2,787","10,890","11,627","25,073","17,364","5,925","18,275","26,374","1,995","7,914","39,622","6,540","14,786",,,,,,,,,,,,,,,,,,,,,,,,,,,,,,,,,,,,309,9.1,22.1,"6,313"
84,37,F,Kagawa,Kgw,香川,50,,,,,,,,,,,,51.4,,87.21,74.83,56,39.3,18.1,197785,35.1,38.5,,,,,,,,,,,,,,,,,,,,,,,,,,,,,,,,,,,,,,,,,,,,,,,,61,13.8,44.4,69.8,51.7,57.6,41.8,29.2,13.2,0.5,2.6,5,1.6,10.9,85.2,35.7,14.6,38.5,35.1,12.3,8.1,2.4,8,4.3,3.9,1,,,,,18.1,8.7,9.6,4.5,9.7,9.5,4.9,39.3,14.1,6,"20,238","4,136","16,229","15,297","34,372","21,663","7,194","24,527","36,203","2,637","10,569","54,670","8,841","19,185",,,,,,,,,,,,,,,,,,,,,,,,,,,,,,,,,,,,260.9,8.6,22.8,"6,260"
85,38,F,Ehime,Ehm,愛媛,71,,,,,,,,,,,,54,,86.82,74.59,58.6,42.8,20,296378,33.5,36.8,,,,,,,,,,,,,,,,,,,,,,,,,,,,,,,,,,,,,,,,,,,,,,,,61.9,12.6,43.6,68.5,50.8,55.1,41.6,28,13.4,0.9,3.6,5.5,2.3,11.4,82.8,35.4,15.2,36.8,33.5,11.5,9.1,2.5,9.6,4.5,3.6,1.4,,,,,20,7.6,11.2,4.8,8.6,9.6,6,42.8,15.4,4.4,"21,732","3,955","19,526","20,540","48,113","26,690","10,041","31,101","41,475","3,702","11,054","63,218","13,316","24,654",,,,,,,,,,,,,,,,,,,,,,,,,,,,,,,,,,,,262.1,9.1,23.1,"6,945"
86,39,F,Kochi,Kch,高知,37,,,,,,,,,,,,59.6,,87.01,75.17,58.8,35.7,20.2,166949,28.9,35.9,,,,,,,,,,,,,,,,,,,,,,,,,,,,,,,,,,,,,,,,,,,,,,,,58.6,10.5,40.8,62.8,44.6,49.4,34.3,21,7.2,0.5,2.7,4,1.1,7.5,80.5,31,11.1,35.9,28.9,9.9,7.9,2.3,6.2,3.5,2.7,1.1,,,,,20.2,9.6,8.6,6.5,12.1,12,4.3,35.7,18.4,9.8,"14,524","2,902","10,593","13,032","30,616","19,475","7,900","20,754","30,400","4,051","11,601","44,230","8,001","16,030",,,,,,,,,,,,,,,,,,,,,,,,,,,,,,,,,,,,296.2,8.4,22.8,"5,840"
87,40,F,Fukuoka,Fkk,福岡,269,,,,,,,,,,,,57.5,,87.14,74.66,59.3,23.9,17.7,948659,38.3,39,,,,,,,,,,,,,,,,,,,,,,,,,,,,,,,,,,,,,,,,,,,,,,,,62,12.4,44.4,75.9,60.4,61.4,47.5,29.5,13.2,1.2,3.1,5.8,1.9,11.5,86.7,29.2,22.7,39,38.3,14.2,10.3,4.1,11,4,4.5,3.2,,,,,17.7,8.2,13.2,6.6,11.9,12.6,6.9,23.9,16.8,4.6,"75,848","14,999","63,666","81,307","172,038","105,680","50,161","114,810","189,956","17,201","62,489","263,734","63,035","77,684",,,,,,,,,,,,,,,,,,,,,,,,,,,,,,,,,,,,276.2,9.5,21.8,"7,155"
88,41,F,Saga,Sag,佐賀,43,,,,,,,,,,,,56,,87.12,75.07,53.4,29.1,20.7,167597,35.4,35.5,,,,,,,,,,,,,,,,,,,,,,,,,,,,,,,,,,,,,,,,,,,,,,,,59.3,12.2,41,72.4,53.8,59.5,45.8,33,18.4,0.9,3,5.7,1.6,11.5,84.1,31.8,19.5,35.5,35.4,13.2,9.2,2.2,9.4,4.9,7,2.1,,,,,20.7,10,10.5,7.6,9.7,12,5.1,29.1,18.4,3.5,"15,750","3,563","13,918","11,236","28,118","16,917","7,303","20,095","27,455","1,795","8,132","43,555","9,024","12,247",,,,,,,,,,,,,,,,,,,,,,,,,,,,,,,,,,,,252.3,8.7,22.8,"6,635"
89,42,F,Nagasaki,Ngs,長崎,71,,,,,,,,,,,,65.3,,86.97,74.71,58.7,35.8,19.3,295574,32.2,36.5,,,,,,,,,,,,,,,,,,,,,,,,,,,,,,,,,,,,,,,,,,,,,,,,59.1,11.2,38.3,65.6,49.9,51.5,38.1,27.1,11.7,0.5,2.1,4.9,1.5,9.9,83.1,31.9,15.7,36.5,32.2,9.6,7.5,2.2,8.7,4.4,3.9,1.1,,,,,19.3,5.9,12.3,5.3,11.6,13.8,5.8,35.8,15.8,8.1,"30,547","5,301","22,684","17,260","57,015","30,665","10,840","33,122","52,249","3,045","11,962","79,453","13,605","21,583",,,,,,,,,,,,,,,,,,,,,,,,,,,,,,,,,,,,248.6,8.7,22.9,"6,929"
90,43,F,Kumamoto,Kmm,熊本,93,,,,,,,,,,,,51.6,,87.49,74.98,55.7,32.2,19.2,368096,32.5,36,,,,,,,,,,,,,,,,,,,,,,,,,,,,,,,,,,,,,,,,,,,,,,,,62,12.9,42.7,68.5,54,54,43.1,31.9,12.8,0.4,3,5.4,2.3,10.4,82.7,30.3,14.4,36,32.5,9.9,7.9,2.2,7.2,3.3,5.4,7.8,,,,,19.2,5.8,10.5,5.6,10.3,12.3,4.9,32.2,13.2,3.5,"33,675","6,515","26,368","27,172","61,123","36,883","15,723","46,847","65,488","4,845","19,135","99,991","19,411","28,102",,,,,,,,,,,,,,,,,,,,,,,,,,,,,,,,,,,,,,,
91,44,F,Oita,Oit,大分,60,,,,,,,,,,,,52.7,,87.31,75.38,51.5,30.3,18.8,250250,33.1,35.8,,,,,,,,,,,,,,,,,,,,,,,,,,,,,,,,,,,,,,,,,,,,,,,,62.1,13.8,44.8,71.2,54.2,59.4,44.5,29.2,12.9,0.9,2.9,6,1.2,9.6,83.5,33.1,16.4,35.8,33.1,10.5,7.5,2.4,7.3,5.5,3.9,1.6,,,,,18.8,6.3,9.6,6.6,9.7,9.6,3.7,30.3,16.7,7.5,"25,282","5,121","20,699","17,793","55,097","32,034","10,944","33,890","49,095","2,758","12,727","76,548","13,403","22,411",,,,,,,,,,,,,,,,,,,,,,,,,,,,,,,,,,,,262.8,8.8,22.5,"6,954"
92,45,F,Miyazaki,Myz,宮崎,57,,,,,,,,,,,,56.9,,87.12,74.93,54,37.5,26.3,232397,29.7,33.9,,,,,,,,,,,,,,,,,,,,,,,,,,,,,,,,,,,,,,,,,,,,,,,,59.8,11.7,42.5,68.8,50.5,56.3,40.9,28.8,11.3,0.8,3.2,6.4,1.8,9.8,80.9,33.1,15.3,33.9,29.7,9.1,8.1,1.9,6.9,3.3,4.3,2.4,,,,,26.3,7.9,11.5,5.1,11.3,8.9,6.7,37.5,18.1,6.2,"22,565","4,060","15,162","16,235","37,794","26,209","9,136","27,743","40,334","2,556","11,567","61,305","10,648","15,445",,,,,,,,,,,,,,,,,,,,,,,,,,,,,,,,,,,,277.8,9.4,23.8,"5,939"
93,46,F,Kagoshima,Kgs,鹿児島,86,,,,,,,,,,,,51.5,,86.78,75.51,53.8,33.7,27.5,346392,31,33.7,,,,,,,,,,,,,,,,,,,,,,,,,,,,,,,,,,,,,,,,,,,,,,,,63.5,11,42.8,68.9,51.6,54.9,41.8,30.5,14.4,0.6,2.9,6.7,1.9,11.5,83.1,33.4,14.7,33.7,31,9.3,6.9,2,8.1,4.4,5.3,1.7,,,,,27.5,6.6,10.8,5.7,9.1,11.3,6.7,33.7,20.3,9.2,"36,644","7,453","24,207","24,719","63,333","40,460","10,459","42,903","59,566","2,804","14,197","96,590","14,085","23,877",,,,,,,,,,,,,,,,,,,,,,,,,,,,,,,,,,,,254.3,9.3,22.8,"6,700"
94,47,F,Okinawa,Okn,沖縄,74,,,,,,,,,,,,60.8,,87.44,75.46,58.6,30.5,17.5,203635,34.1,37.4,,,,,,,,,,,,,,,,,,,,,,,,,,,,,,,,,,,,,,,,,,,,,,,,62.1,14.7,41.4,56.6,41.5,36.7,30.6,24.5,6.5,0.4,2.8,4.3,1.6,11.3,84.2,25.4,16.6,37.4,34.1,10.9,11.5,3.9,9.3,1.8,2.4,0.9,,,,,17.5,5.6,12.3,3.6,10.8,11.4,9.9,30.5,14,5.7,"28,901","5,896","18,944","21,585","33,058","22,236","12,162","33,708","39,006","7,541","9,286","51,097","17,925","17,749",,,,,,,,,,,,,,,,,,,,,,,,,,,,,,,,,,,,268,8,23.8,"6,052"
,,,,,,,,,,,,,,,,,,,,,, ,,,,,,,,,,,,,,,,,,,,,,,,,,,,,,,,,,,,,,,,,,,,,,,,,,,,,,,,,,,,,,,,,,,,,,,,,,,,,,,,,,,,,,,,,,,,,,,,,,,,,,,,,,,,,,,,,,,,,,,,,,,,,,,,,,,,,,,,,,,,,,,,,
